Details,Posting Date,Description,Amount,Type
DEBIT,02/14/2023,NIMBUS COFFEE 00421 PORTLAND ORAPPLE PAY ending in [XXXX],-4.20,DEBIT_CARD
DEBIT,02/14/2023,ORPHEUM SIX CINEMA PORTLAND OR,-12.45,DEBIT_CARD
DEBIT,02/14/2023,RIVERTON U DINING 004 PORTLAND OR,-14.40,DEBIT_CARD
DEBIT,02/15/2023,RIVERTON U DINING HALL PORTLAND OR,-11.13,DEBIT_CARD
DEBIT,02/16/2023,CALDER DINER PORTLAND OR,-23.38,DEBIT_CARD
DEBIT,02/17/2023,RIVERTON U DINING HALL PORTLAND OR,-12.62,DEBIT_CARD
CREDIT,02/17/2023,RIVERTON UNIV PAYROLL PPD ID: 9438645,499.40,ACH_CREDIT
DEBIT,02/18/2023,RIVERTON U DINING HALL PORTLAND OR,-12.14,DEBIT_CARD
DEBIT,02/18/2023,ZIPLANE RIDES HELP.ZIPLANE.COM,-23.58,DEBIT_CARD
DEBIT,02/19/2023,NIMBUS COFFEE 00421 PORTLAND ORAPPLE PAY ending in [XXXX],-7.00,DEBIT_CARD
DEBIT,02/19/2023,RIVERTON U DINING HALL PORTLAND OR,-13.34,DEBIT_CARD
DEBIT,02/20/2023,CALDER DINER PORTLAND OR,-24.46,DEBIT_CARD
DEBIT,02/20/2023,NIMBUS COFFEE 00421 PORTLAND OR,-4.32,DEBIT_CARD
DEBIT,02/20/2023,QUICKSTOP 2244 PORTLAND OR,-7.92,DEBIT_CARD
DEBIT,02/20/2023,RIVERTON U DINING 004 PORTLAND OR,-8.82,DEBIT_CARD
DEBIT,02/21/2023,RIVERTON U DINING HALL PORTLAND OR,-10.27,DEBIT_CARD
CREDIT,02/21/2023,RIVERTON UNIV STUDENT AID ACH WEB ID: [REDACTED],3960.00,ACH_CREDIT
DEBIT,02/22/2023,NIMBUS COFFEE 00421 PORTLAND OR,-6.68,DEBIT_CARD
DEBIT,02/23/2023,RIVERTON U DINING 004 PORTLAND ORAPPLE PAY ending in [XXXX],-11.50,DEBIT_CARD
DEBIT,02/24/2023,RIVERTON U DINING 004 PORTLAND OR,-14.54,DEBIT_CARD
DEBIT,02/24/2023,ZIPLANE RIDES HELP.ZIPLANE.COM,-17.91,DEBIT_CARD
DEBIT,02/25/2023,RIVERTON U DINING HALL PORTLAND OR,-11.24,DEBIT_CARD
DEBIT,02/25/2023,SQ *NIMBUS COFFEE #0421 PORTLAND OR,-4.77,DEBIT_CARD
DEBIT,02/27/2023,ZIPLANE *RIDE HELP.ZIPLANE.COM,-7.15,DEBIT_CARD
DEBIT,02/28/2023,NIMBUS COFFEE 00421 PORTLAND OR,-5.08,DEBIT_CARD
DEBIT,02/28/2023,RIVERTON U DINING HALL PORTLAND OR,-10.54,DEBIT_CARD
DEBIT,03/01/2023,QUICKSTOP #2244 PORTLAND OR,-6.71,DEBIT_CARD
DEBIT,03/01/2023,RIVERTON U DINING 004 PORTLAND ORAPPLE PAY ending in [XXXX],-13.38,DEBIT_CARD
DEBIT,03/02/2023,QUICKSTOP 2244 PORTLAND OR,-8.71,DEBIT_CARD
DEBIT,03/02/2023,RIVERTON UNIV TUITION ACH WEB ID: [REDACTED],-3120.00,ACH_DEBIT
DEBIT,03/03/2023,MERIDIAN PHARMACY #455 PORTLAND OR,-14.64,DEBIT_CARD
CREDIT,03/03/2023,RIVERTON UNIV PAYROLL PPD ID: 9472193,368.56,ACH_CREDIT
DEBIT,03/04/2023,ORPHEUM SIX CINEMA PORTLAND OR,-17.90,DEBIT_CARD
DEBIT,03/04/2023,QUICKSTOP 2244 PORTLAND OR,-7.43,DEBIT_CARD
DEBIT,03/04/2023,SQ *NIMBUS COFFEE ROASTERS PORTLAND OR,-6.29,DEBIT_CARD
DEBIT,03/04/2023,TST*CALDER DINER - PEARL PORTLAND OR,-24.00,DEBIT_CARD
DEBIT,03/05/2023,RIVERTON U DINING 004 PORTLAND ORAPPLE PAY ending in [XXXX],-8.62,DEBIT_CARD
DEBIT,03/05/2023,RIVERTON U HOUSING ACH WEB ID: [REDACTED],-742.00,ACH_DEBIT
DEBIT,03/06/2023,PAYPAL *THISTLETHR 4029357733,-29.41,DEBIT_CARD
DEBIT,03/08/2023,ZIPLANE RIDES HELP.ZIPLANE.COM,-11.97,DEBIT_CARD
DEBIT,03/09/2023,RIVERTON TRANSIT AUTH PORTLAND OR,-3.59,DEBIT_CARD
DEBIT,03/09/2023,RIVERTON U DINING 004 PORTLAND OR,-10.99,DEBIT_CARD
DEBIT,03/10/2023,RIVERTON U DINING 004 PORTLAND OR,-13.39,DEBIT_CARD
DEBIT,03/10/2023,SQ *NIMBUS COFFEE #0421 PORTLAND OR,-5.52,DEBIT_CARD
DEBIT,03/11/2023,RIVERTON U DINING 004 PORTLAND OR,-13.21,DEBIT_CARD
DEBIT,03/12/2023,PAYPAL *THISTLETHR 4029357733APPLE PAY ending in [XXXX],-44.35,DEBIT_CARD
DEBIT,03/12/2023,RIVERTON U DINING HALL PORTLAND OR,-8.96,DEBIT_CARD
DEBIT,03/12/2023,VANTA MOBILE WIRELESS PPD ID: 338736,-37.94,ACH_DEBIT
DEBIT,03/14/2023,ZIPLANE *RIDE HELP.ZIPLANE.COM,-15.93,DEBIT_CARD
DEBIT,03/15/2023,NIMBUS COFFEE 00421 PORTLAND OR,-6.94,DEBIT_CARD
DEBIT,03/15/2023,RIVERTON U DINING 004 PORTLAND OR,-12.01,DEBIT_CARD
DEBIT,03/16/2023,COASTLINE COACH LINES 0042 PORTLAND OR,-49.35,DEBIT_CARD
DEBIT,03/16/2023,QUICKSTOP #2244 PORTLAND OR,-6.89,DEBIT_CARD
DEBIT,03/16/2023,RIVERTON TRANSIT AUTH PORTLAND OR,-3.14,DEBIT_CARD
DEBIT,03/16/2023,RIVERTON U DINING 004 PORTLAND ORAPPLE PAY ending in [XXXX],-10.74,DEBIT_CARD
DEBIT,03/16/2023,SQ *NIMBUS COFFEE ROASTERS PORTLAND OR,-4.10,DEBIT_CARD
DEBIT,03/16/2023,ZIPLANE RIDES HELP.ZIPLANE.COM,-23.41,DEBIT_CARD
DEBIT,03/17/2023,CALDER DINER PORTLAND OR,-18.55,DEBIT_CARD
DEBIT,03/17/2023,RIVERTON U DINING 004 PORTLAND OR,-9.04,DEBIT_CARD
CREDIT,03/17/2023,RIVERTON UNIV PAYROLL PPD ID: 9156783,448.50,ACH_CREDIT
DEBIT,03/18/2023,RIVERTON U DINING 004 PORTLAND OR,-12.52,DEBIT_CARD
DEBIT,03/19/2023,SQ *NIMBUS COFFEE #0421 PORTLAND OR,-4.10,DEBIT_CARD
DEBIT,03/20/2023,RIVERTON U DINING HALL PORTLAND OR,-9.87,DEBIT_CARD
DEBIT,03/20/2023,SQ *NIMBUS COFFEE #0421 PORTLAND ORAPPLE PAY ending in [XXXX],-5.41,DEBIT_CARD
DEBIT,03/20/2023,TST*CALDER DINER - PEARL PORTLAND OR,-14.82,DEBIT_CARD
DEBIT,03/21/2023,RIVERTON TRANSIT PASS PORTLAND OR,-55.92,DEBIT_CARD
DEBIT,03/21/2023,SQ *NIMBUS COFFEE ROASTERS PORTLAND OR,-5.95,DEBIT_CARD
DEBIT,03/22/2023,RIVERTON U DINING 004 PORTLAND OR,-11.92,DEBIT_CARD
DEBIT,03/22/2023,TST*CALDER DINER - PEARL PORTLAND OR,-21.64,DEBIT_CARD
DEBIT,03/23/2023,SQ *NIMBUS COFFEE #0421 PORTLAND OR,-7.14,DEBIT_CARD
DEBIT,03/25/2023,RIVERTON U DINING HALL PORTLAND OR,-9.81,DEBIT_CARD
DEBIT,03/26/2023,PAYPAL *THISTLETHR 4029357733,-32.56,DEBIT_CARD
DEBIT,03/26/2023,QUICKSTOP 2244 PORTLAND ORAPPLE PAY ending in [XXXX],-8.67,DEBIT_CARD
DEBIT,03/26/2023,RIVERTON U DINING HALL PORTLAND OR,-11.93,DEBIT_CARD
DEBIT,03/27/2023,RIVERTON U DINING 004 PORTLAND OR,-10.33,DEBIT_CARD
DEBIT,03/29/2023,CALDER DINER PORTLAND OR,-19.12,DEBIT_CARD
DEBIT,03/29/2023,NIMBUS COFFEE 00421 PORTLAND OR,-4.93,DEBIT_CARD
DEBIT,03/29/2023,RIVERTON U DINING 004 PORTLAND OR,-8.83,DEBIT_CARD
DEBIT,03/29/2023,ZIPLANE RIDES HELP.ZIPLANE.COM,-17.24,DEBIT_CARD
DEBIT,03/30/2023,RIVERTON U DINING HALL PORTLAND OR,-11.03,DEBIT_CARD
DEBIT,03/31/2023,COASTLINE COACH LINES PORTLAND OR,-36.76,DEBIT_CARD
DEBIT,03/31/2023,RIVERTON U DINING 004 PORTLAND ORAPPLE PAY ending in [XXXX],-8.79,DEBIT_CARD
CREDIT,03/31/2023,RIVERTON UNIV PAYROLL PPD ID: 9541594,503.85,ACH_CREDIT
DEBIT,03/31/2023,SQ *NIMBUS COFFEE #0421 PORTLAND OR,-5.36,DEBIT_CARD
DEBIT,04/01/2023,SQ *NIMBUS COFFEE #0421 PORTLAND OR,-7.15,DEBIT_CARD
DEBIT,04/02/2023,CALDER DINER PORTLAND OR,-15.26,DEBIT_CARD
DEBIT,04/02/2023,SP KESTREL RESALE STOCKPORT,-43.46,DEBIT_CARD
DEBIT,04/02/2023,SQ *NIMBUS COFFEE ROASTERS PORTLAND OR,-5.74,DEBIT_CARD
DEBIT,04/03/2023,RIVERTON U DINING 004 PORTLAND OR,-14.41,DEBIT_CARD
DEBIT,04/03/2023,TST* CALDER DINER PORTLAND OR,-21.57,DEBIT_CARD
DEBIT,04/04/2023,RIVERTON U DINING 004 PORTLAND ORAPPLE PAY ending in [XXXX],-14.37,DEBIT_CARD
DEBIT,04/04/2023,SQ *NIMBUS COFFEE #0421 PORTLAND OR,-5.06,DEBIT_CARD
DEBIT,04/05/2023,RIVERTON U DINING 004 PORTLAND OR,-13.30,DEBIT_CARD
DEBIT,04/05/2023,RIVERTON U HOUSING ACH WEB ID: [REDACTED],-742.00,ACH_DEBIT
DEBIT,04/07/2023,SQ *NIMBUS COFFEE ROASTERS PORTLAND OR,-6.13,DEBIT_CARD
DEBIT,04/09/2023,QUICKSTOP #2244 PORTLAND OR,-7.07,DEBIT_CARD
DEBIT,04/09/2023,RIVERTON U DINING HALL PORTLAND OR,-14.13,DEBIT_CARD
DEBIT,04/11/2023,CALDER DINER PORTLAND OR,-18.46,DEBIT_CARD
DEBIT,04/11/2023,RIVERTON U DINING 004 PORTLAND OR,-14.34,DEBIT_CARD
DEBIT,04/11/2023,SQ *NIMBUS COFFEE #0421 PORTLAND ORAPPLE PAY ending in [XXXX],-4.29,DEBIT_CARD
DEBIT,04/12/2023,RIVERTON U DINING 004 PORTLAND OR,-10.46,DEBIT_CARD
DEBIT,04/12/2023,VANTA MOBILE WIRELESS PPD ID: 338799,-40.64,ACH_DEBIT
CREDIT,04/14/2023,RIVERTON UNIV PAYROLL PPD ID: 9100740,426.46,ACH_CREDIT
DEBIT,04/15/2023,NIMBUS COFFEE 00421 PORTLAND OR,-4.61,DEBIT_CARD
DEBIT,04/17/2023,RIVERTON U DINING 004 PORTLAND OR,-8.49,DEBIT_CARD
DEBIT,04/17/2023,SQ *NIMBUS COFFEE ROASTERS PORTLAND OR,-4.21,DEBIT_CARD
DEBIT,04/21/2023,RIVERTON TRANSIT PASS PORTLAND OR,-59.97,DEBIT_CARD
DEBIT,04/21/2023,RIVERTON U DINING HALL PORTLAND OR,-11.03,DEBIT_CARD
DEBIT,04/21/2023,SQ *NIMBUS COFFEE #0421 PORTLAND ORAPPLE PAY ending in [XXXX],-6.55,DEBIT_CARD
CREDIT,04/28/2023,RIVERTON UNIV PAYROLL PPD ID: 9502619,484.23,ACH_CREDIT
DEBIT,04/28/2023,SQ *NIMBUS COFFEE #0421 PORTLAND OR,-5.18,DEBIT_CARD
DEBIT,04/29/2023,PAYPAL *THISTLETHR 4029357733,-38.41,DEBIT_CARD
DEBIT,04/29/2023,RIVERTON U DINING 004 PORTLAND OR,-12.76,DEBIT_CARD
DEBIT,04/29/2023,TST*CALDER DINER - PEARL PORTLAND OR,-22.53,DEBIT_CARD
DEBIT,05/05/2023,QUICKSTOP #2244 PORTLAND OR,-8.47,DEBIT_CARD
DEBIT,05/05/2023,ZIPLANE *RIDE HELP.ZIPLANE.COM,-11.73,DEBIT_CARD
DEBIT,05/08/2023,MERIDIAN PHARMACY 0455 PORTLAND OR,-15.24,DEBIT_CARD
DEBIT,05/09/2023,TST*CALDER DINER - PEARL PORTLAND ORAPPLE PAY ending in [XXXX],-18.35,DEBIT_CARD
DEBIT,05/10/2023,CALDER DINER PORTLAND OR,-23.57,DEBIT_CARD
DEBIT,05/10/2023,RIVERTON U DINING HALL PORTLAND OR,-11.34,DEBIT_CARD
DEBIT,05/11/2023,QUICKSTOP #2244 PORTLAND OR,-5.66,DEBIT_CARD
DEBIT,05/11/2023,RIVERTON TRANSIT AUTH PORTLAND OR,-2.14,DEBIT_CARD
CREDIT,05/12/2023,RIVERTON UNIV PAYROLL PPD ID: 9929144,374.19,ACH_CREDIT
DEBIT,05/12/2023,VANTA MOBILE WIRELESS PPD ID: 332704,-42.66,ACH_DEBIT
DEBIT,05/14/2023,QUICKSTOP 2244 PORTLAND OR,-8.09,DEBIT_CARD
DEBIT,05/14/2023,RIVERTON U DINING HALL PORTLAND OR,-14.00,DEBIT_CARD
DEBIT,05/16/2023,RIVERTON U DINING HALL PORTLAND ORAPPLE PAY ending in [XXXX],-12.05,DEBIT_CARD
DEBIT,05/16/2023,SQ *NIMBUS COFFEE #0421 PORTLAND OR,-5.07,DEBIT_CARD
DEBIT,05/16/2023,ZIPLANE RIDES HELP.ZIPLANE.COM,-23.11,DEBIT_CARD
DEBIT,05/17/2023,Zelle payment to MARISOL QUAY 72305448714,-51.24,QUICKPAY_DEBIT
DEBIT,05/18/2023,SQ *NIMBUS COFFEE #0421 PORTLAND OR,-6.26,DEBIT_CARD
CREDIT,05/19/2023,Zelle payment from PRIYA VANTERPOOL JPM749003018,18.61,QUICKPAY_CREDIT
DEBIT,05/20/2023,RIVERTON U DINING 004 PORTLAND OR,-8.60,DEBIT_CARD
DEBIT,05/20/2023,SQ *NIMBUS COFFEE #0421 PORTLAND OR,-6.60,DEBIT_CARD
DEBIT,05/20/2023,TST* CALDER DINER PORTLAND OR,-15.87,DEBIT_CARD
DEBIT,05/21/2023,RIVERTON TRANSIT PASS PORTLAND ORAPPLE PAY ending in [XXXX],-58.88,DEBIT_CARD
DEBIT,05/22/2023,DISCOVER E-PAYMENT ACH WEB ID: [REDACTED],-115.37,ACH_DEBIT
DEBIT,05/22/2023,QUICKSTOP 2244 PORTLAND OR,-7.43,DEBIT_CARD
DEBIT,05/23/2023,MERIDIAN PHARMACY #455 PORTLAND OR,-20.73,DEBIT_CARD
DEBIT,05/23/2023,RIVERTON U DINING HALL PORTLAND OR,-12.66,DEBIT_CARD
DEBIT,05/23/2023,TST* CALDER DINER PORTLAND OR,-17.16,DEBIT_CARD
DEBIT,05/25/2023,RIVERTON TRANSIT PASS PORTLAND OR,-2.94,DEBIT_CARD
DEBIT,05/25/2023,RIVERTON U DINING 004 PORTLAND OR,-13.99,DEBIT_CARD
DEBIT,05/25/2023,TST* CALDER DINER PORTLAND OR,-19.77,DEBIT_CARD
DEBIT,05/25/2023,ZIPLANE RIDES HELP.ZIPLANE.COMAPPLE PAY ending in [XXXX],-7.39,DEBIT_CARD
DEBIT,05/26/2023,QUICKSTOP 2244 PORTLAND OR,-6.16,DEBIT_CARD
CREDIT,05/26/2023,RIVERTON UNIV PAYROLL PPD ID: 9793319,442.16,ACH_CREDIT
DEBIT,05/26/2023,SQ *NIMBUS COFFEE ROASTERS PORTLAND OR,-5.76,DEBIT_CARD
DEBIT,05/27/2023,QUICKSTOP #2244 PORTLAND OR,-7.96,DEBIT_CARD
DEBIT,05/27/2023,RIVERTON U DINING 004 PORTLAND OR,-12.90,DEBIT_CARD
DEBIT,05/27/2023,Zelle payment to TOBIN REEVES 70754996485,-30.68,QUICKPAY_DEBIT
DEBIT,05/28/2023,QUICKSTOP #2244 PORTLAND OR,-6.14,DEBIT_CARD
DEBIT,05/29/2023,NIMBUS COFFEE 00421 PORTLAND OR,-6.35,DEBIT_CARD
DEBIT,05/29/2023,RIVERTON U DINING 004 PORTLAND ORAPPLE PAY ending in [XXXX],-11.79,DEBIT_CARD
DEBIT,06/02/2023,ORPHEUM SIX CINEMA PORTLAND OR,-13.34,DEBIT_CARD
DEBIT,06/02/2023,RIVERTON U DINING HALL PORTLAND OR,-8.35,DEBIT_CARD
DEBIT,06/03/2023,RIVERTON U DINING HALL PORTLAND OR,-14.16,DEBIT_CARD
DEBIT,06/03/2023,SQ *NIMBUS COFFEE #0421 PORTLAND OR,-6.11,DEBIT_CARD
DEBIT,06/04/2023,MERIDIAN PHARMACY 0455 PORTLAND OR,-18.07,DEBIT_CARD
DEBIT,06/04/2023,SQ *NIMBUS COFFEE ROASTERS PORTLAND OR,-4.34,DEBIT_CARD
DEBIT,06/04/2023,Zelle payment to TOBIN REEVES 67305119013,-37.96,QUICKPAY_DEBIT
DEBIT,06/08/2023,RIVERTON U DINING 004 PORTLAND OR,-14.41,DEBIT_CARD
DEBIT,06/08/2023,SQ *NIMBUS COFFEE ROASTERS PORTLAND ORAPPLE PAY ending in [XXXX],-6.70,DEBIT_CARD
CREDIT,06/09/2023,RIVERTON UNIV PAYROLL PPD ID: 9977276,450.16,ACH_CREDIT
DEBIT,06/10/2023,RIVERTON U DINING 004 PORTLAND OR,-11.11,DEBIT_CARD
DEBIT,06/11/2023,SQ *THISTLE + THREAD PORTLAND OR,-39.02,DEBIT_CARD
DEBIT,06/11/2023,TST*CALDER DINER - PEARL PORTLAND OR,-18.67,DEBIT_CARD
CREDIT,06/12/2023,PENNYLOOM PAYOUTS ST-02563C36 CCD ID: 2277614,54.36,ACH_CREDIT
DEBIT,06/12/2023,VANTA MOBILE WIRELESS PPD ID: 338670,-40.70,ACH_DEBIT
DEBIT,06/14/2023,NIMBUS COFFEE 00421 PORTLAND OR,-5.71,DEBIT_CARD
DEBIT,06/14/2023,RIVERTON U DINING 004 PORTLAND OR,-14.46,DEBIT_CARD
DEBIT,06/15/2023,RIVERTON U DINING HALL PORTLAND ORAPPLE PAY ending in [XXXX],-8.55,DEBIT_CARD
DEBIT,06/15/2023,THISTLE AND THREAD 0067 PORTLAND OR,-39.82,DEBIT_CARD
DEBIT,06/16/2023,Zelle payment to DEVON ASHFORD 27102113727,-34.09,QUICKPAY_DEBIT
DEBIT,06/18/2023,RIVERTON U DINING HALL PORTLAND OR,-14.52,DEBIT_CARD
DEBIT,06/18/2023,SQ *NIMBUS COFFEE #0421 PORTLAND OR,-5.95,DEBIT_CARD
CREDIT,06/18/2023,Zelle payment from PRIYA VANTERPOOL JPM976548335,38.70,QUICKPAY_CREDIT
DEBIT,06/20/2023,QUICKSTOP #2244 PORTLAND OR,-5.77,DEBIT_CARD
DEBIT,06/21/2023,RIVERTON TRANSIT PASS PORTLAND OR,-58.08,DEBIT_CARD
DEBIT,06/22/2023,DISCOVER E-PAYMENT ACH WEB ID: [REDACTED],-184.49,ACH_DEBIT
CREDIT,06/23/2023,RIVERTON UNIV PAYROLL PPD ID: 9308293APPLE PAY ending in [XXXX],408.40,ACH_CREDIT
DEBIT,06/23/2023,SQ *NIMBUS COFFEE ROASTERS PORTLAND OR,-5.08,DEBIT_CARD
DEBIT,06/23/2023,ZIPLANE *RIDE HELP.ZIPLANE.COM,-14.16,DEBIT_CARD
DEBIT,06/24/2023,RIVERTON U DINING 004 PORTLAND OR,-10.82,DEBIT_CARD
DEBIT,06/26/2023,CALDER DINER PORTLAND OR,-17.82,DEBIT_CARD
DEBIT,06/26/2023,NIMBUS COFFEE 00421 PORTLAND OR,-4.31,DEBIT_CARD
DEBIT,06/26/2023,RIVERTON U DINING 004 PORTLAND OR,-9.13,DEBIT_CARD
DEBIT,07/01/2023,SQ *NIMBUS COFFEE #0421 PORTLAND OR,-6.50,DEBIT_CARD
DEBIT,07/03/2023,Zelle payment to TOBIN REEVES 68479535930,-31.63,QUICKPAY_DEBIT
DEBIT,07/04/2023,RIVERTON U DINING 004 PORTLAND ORAPPLE PAY ending in [XXXX],-13.39,DEBIT_CARD
DEBIT,07/04/2023,SQ *NIMBUS COFFEE ROASTERS PORTLAND OR,-7.01,DEBIT_CARD
DEBIT,07/07/2023,NIMBUS COFFEE 00421 PORTLAND OR,-5.00,DEBIT_CARD
CREDIT,07/07/2023,RIVERTON UNIV PAYROLL PPD ID: 9433272,401.97,ACH_CREDIT
DEBIT,07/07/2023,TST* CALDER DINER PORTLAND OR,-23.83,DEBIT_CARD
CREDIT,07/07/2023,Zelle payment from DEVON ASHFORD JPM459389207,31.55,QUICKPAY_CREDIT
DEBIT,07/11/2023,COASTLINE COACH LINES PORTLAND OR,-32.65,DEBIT_CARD
DEBIT,07/11/2023,NIMBUS COFFEE 00421 PORTLAND OR,-6.51,DEBIT_CARD
DEBIT,07/11/2023,RIVERTON U DINING 004 PORTLAND OR,-10.16,DEBIT_CARD
DEBIT,07/12/2023,VANTA MOBILE WIRELESS PPD ID: 333475APPLE PAY ending in [XXXX],-43.77,ACH_DEBIT
CREDIT,07/13/2023,Zelle payment from PRIYA VANTERPOOL JPM726995068,56.02,QUICKPAY_CREDIT
CREDIT,07/14/2023,PENNYLOOM PAYOUTS ST-014B303B CCD ID: 2210506,89.37,ACH_CREDIT
DEBIT,07/14/2023,SQ *NIMBUS COFFEE #0421 PORTLAND OR,-6.22,DEBIT_CARD
DEBIT,07/14/2023,TST* CALDER DINER PORTLAND OR,-18.17,DEBIT_CARD
DEBIT,07/16/2023,RIVERTON U DINING 004 PORTLAND OR,-9.12,DEBIT_CARD
DEBIT,07/16/2023,TST*CALDER DINER - PEARL PORTLAND OR,-19.31,DEBIT_CARD
DEBIT,07/17/2023,Online Transfer to CHK ...4022 transaction#: 91824771,-186.79,ACCT_XFER
DEBIT,07/18/2023,THISTLE AND THREAD 0067 PORTLAND OR,-37.03,DEBIT_CARD
DEBIT,07/20/2023,COASTLINE COACH LINES 0042 PORTLAND ORAPPLE PAY ending in [XXXX],-44.64,DEBIT_CARD
DEBIT,07/20/2023,SQ *NIMBUS COFFEE #0421 PORTLAND OR,-4.48,DEBIT_CARD
DEBIT,07/21/2023,RIVERTON TRANSIT PASS PORTLAND OR,-56.25,DEBIT_CARD
CREDIT,07/21/2023,RIVERTON UNIV PAYROLL PPD ID: 9401565,433.73,ACH_CREDIT
DEBIT,07/22/2023,DISCOVER E-PAYMENT ACH WEB ID: [REDACTED],-213.55,ACH_DEBIT
DEBIT,07/22/2023,SQ *NIMBUS COFFEE #0421 PORTLAND OR,-5.68,DEBIT_CARD
DEBIT,07/24/2023,SQ *NIMBUS COFFEE #0421 PORTLAND OR,-5.78,DEBIT_CARD
DEBIT,07/24/2023,TST* CALDER DINER PORTLAND OR,-21.10,DEBIT_CARD
DEBIT,07/25/2023,NIMBUS COFFEE 00421 PORTLAND OR,-5.16,DEBIT_CARD
DEBIT,07/26/2023,Zelle payment to DEVON ASHFORD 20925956795APPLE PAY ending in [XXXX],-19.20,QUICKPAY_DEBIT
DEBIT,07/27/2023,NIMBUS COFFEE 00421 PORTLAND OR,-6.37,DEBIT_CARD
DEBIT,07/27/2023,RIVERTON TRANSIT AUTH PORTLAND OR,-4.26,DEBIT_CARD
DEBIT,07/29/2023,MERIDIAN PHARMACY 0455 PORTLAND OR,-15.07,DEBIT_CARD
DEBIT,07/29/2023,RIVERTON U DINING 004 PORTLAND OR,-10.96,DEBIT_CARD
DEBIT,07/30/2023,RIVERTON U DINING HALL PORTLAND OR,-10.40,DEBIT_CARD
DEBIT,07/30/2023,TST* CALDER DINER PORTLAND OR,-24.94,DEBIT_CARD
DEBIT,07/31/2023,CALDER DINER PORTLAND OR,-23.20,DEBIT_CARD
DEBIT,07/31/2023,SQ *NIMBUS COFFEE #0421 PORTLAND OR,-5.70,DEBIT_CARD
DEBIT,08/02/2023,RIVERTON U DINING 004 PORTLAND ORAPPLE PAY ending in [XXXX],-12.30,DEBIT_CARD
DEBIT,08/02/2023,TST* CALDER DINER PORTLAND OR,-17.21,DEBIT_CARD
CREDIT,08/04/2023,RIVERTON UNIV PAYROLL PPD ID: 9650341,368.51,ACH_CREDIT
DEBIT,08/05/2023,RIVERTON U DINING HALL PORTLAND OR,-10.00,DEBIT_CARD
DEBIT,08/05/2023,SQ *NIMBUS COFFEE ROASTERS PORTLAND OR,-6.93,DEBIT_CARD
DEBIT,08/07/2023,SQ *NIMBUS COFFEE ROASTERS PORTLAND OR,-4.52,DEBIT_CARD
DEBIT,08/08/2023,QUICKSTOP #2244 PORTLAND OR,-7.85,DEBIT_CARD
DEBIT,08/08/2023,RIVERTON U DINING 004 PORTLAND OR,-13.08,DEBIT_CARD
DEBIT,08/08/2023,SQ *NIMBUS COFFEE ROASTERS PORTLAND OR,-5.94,DEBIT_CARD
DEBIT,08/09/2023,NIMBUS COFFEE 00421 PORTLAND ORAPPLE PAY ending in [XXXX],-4.70,DEBIT_CARD
DEBIT,08/09/2023,RIVERTON U DINING 004 PORTLAND OR,-12.74,DEBIT_CARD
CREDIT,08/10/2023,PENNYLOOM PAYOUTS ST-03147594 CCD ID: 2296600,60.47,ACH_CREDIT
DEBIT,08/12/2023,VANTA MOBILE WIRELESS PPD ID: 333866,-40.24,ACH_DEBIT
DEBIT,08/13/2023,Zelle payment to TOBIN REEVES 55221983328,-21.61,QUICKPAY_DEBIT
DEBIT,08/16/2023,SQ *NIMBUS COFFEE #0421 PORTLAND OR,-5.44,DEBIT_CARD
DEBIT,08/17/2023,Online Transfer to CHK ...4022 transaction#: 91824771,-215.34,ACCT_XFER
DEBIT,08/17/2023,RIVERTON U DINING 004 PORTLAND OR,-14.15,DEBIT_CARD
CREDIT,08/18/2023,RIVERTON UNIV PAYROLL PPD ID: 9885532,502.79,ACH_CREDIT
DEBIT,08/21/2023,RIVERTON TRANSIT PASS PORTLAND ORAPPLE PAY ending in [XXXX],-57.78,DEBIT_CARD
DEBIT,08/21/2023,RIVERTON U DINING 004 PORTLAND OR,-12.99,DEBIT_CARD
DEBIT,08/21/2023,SQ *NIMBUS COFFEE ROASTERS PORTLAND OR,-5.05,DEBIT_CARD
DEBIT,08/22/2023,DISCOVER E-PAYMENT ACH WEB ID: [REDACTED],-250.23,ACH_DEBIT
DEBIT,08/23/2023,CALDER DINER PORTLAND OR,-14.33,DEBIT_CARD
DEBIT,08/23/2023,SQ *NIMBUS COFFEE ROASTERS PORTLAND OR,-5.81,DEBIT_CARD
DEBIT,08/23/2023,ZIPLANE *RIDE HELP.ZIPLANE.COM,-14.81,DEBIT_CARD
DEBIT,08/25/2023,Zelle payment to DEVON ASHFORD 76672779052,-50.07,QUICKPAY_DEBIT
DEBIT,08/29/2023,RIVERTON U DINING 004 PORTLAND OR,-9.02,DEBIT_CARD
DEBIT,08/30/2023,RIVERTON U DINING 004 PORTLAND ORAPPLE PAY ending in [XXXX],-9.49,DEBIT_CARD
DEBIT,08/30/2023,ZIPLANE RIDES HELP.ZIPLANE.COM,-17.21,DEBIT_CARD
DEBIT,08/31/2023,RIVERTON U DINING HALL PORTLAND OR,-10.73,DEBIT_CARD
CREDIT,09/01/2023,RIVERTON UNIV PAYROLL PPD ID: 9340161,419.56,ACH_CREDIT
DEBIT,09/05/2023,RIVERTON U HOUSING ACH WEB ID: [REDACTED],-742.00,ACH_DEBIT
CREDIT,09/05/2023,RIVERTON UNIV STUDENT AID ACH WEB ID: [REDACTED],4180.00,ACH_CREDIT
DEBIT,09/06/2023,RIVERTON U DINING HALL PORTLAND OR,-8.43,DEBIT_CARD
DEBIT,09/06/2023,TST*CALDER DINER - PEARL PORTLAND OR,-21.84,DEBIT_CARD
DEBIT,09/10/2023,Zelle payment to MARISOL QUAY 68779081246,-20.50,QUICKPAY_DEBIT
DEBIT,09/11/2023,CALDER DINER PORTLAND ORAPPLE PAY ending in [XXXX],-18.19,DEBIT_CARD
DEBIT,09/11/2023,NIMBUS COFFEE 00421 PORTLAND OR,-4.11,DEBIT_CARD
DEBIT,09/12/2023,RIVERTON UNIV TUITION ACH WEB ID: [REDACTED],-3260.00,ACH_DEBIT
DEBIT,09/12/2023,VANTA MOBILE WIRELESS PPD ID: 336432,-41.13,ACH_DEBIT
DEBIT,09/13/2023,Online Transfer to CHK ...4022 transaction#: 91824771,-99.56,ACCT_XFER
DEBIT,09/13/2023,RIVERTON U DINING 004 PORTLAND OR,-10.20,DEBIT_CARD
CREDIT,09/15/2023,RIVERTON UNIV PAYROLL PPD ID: 9916352,368.58,ACH_CREDIT
DEBIT,09/16/2023,RIVERTON U DINING HALL PORTLAND OR,-12.82,DEBIT_CARD
DEBIT,09/18/2023,NIMBUS COFFEE 00421 PORTLAND OR,-5.17,DEBIT_CARD
DEBIT,09/18/2023,RIVERTON U DINING HALL PORTLAND ORAPPLE PAY ending in [XXXX],-10.33,DEBIT_CARD
DEBIT,09/21/2023,MERIDIAN PHARMACY 0455 PORTLAND OR,-15.21,DEBIT_CARD
DEBIT,09/21/2023,NIMBUS COFFEE 00421 PORTLAND OR,-4.55,DEBIT_CARD
DEBIT,09/21/2023,RIVERTON TRANSIT PASS PORTLAND OR,-57.15,DEBIT_CARD
DEBIT,09/21/2023,RIVERTON U DINING HALL PORTLAND OR,-10.73,DEBIT_CARD
DEBIT,09/22/2023,DISCOVER E-PAYMENT ACH WEB ID: [REDACTED],-126.09,ACH_DEBIT
DEBIT,09/22/2023,RIVERTON U DINING HALL PORTLAND OR,-11.53,DEBIT_CARD
DEBIT,09/22/2023,TST* CALDER DINER PORTLAND OR,-17.84,DEBIT_CARD
DEBIT,09/24/2023,QUICKSTOP 2244 PORTLAND OR,-7.15,DEBIT_CARD
DEBIT,09/24/2023,RIVERTON TRANSIT PASS PORTLAND ORAPPLE PAY ending in [XXXX],-2.81,DEBIT_CARD
DEBIT,09/24/2023,SQ *NIMBUS COFFEE ROASTERS PORTLAND OR,-4.05,DEBIT_CARD
DEBIT,09/25/2023,RIVERTON U DINING 004 PORTLAND OR,-12.54,DEBIT_CARD
DEBIT,09/25/2023,SQ *NIMBUS COFFEE ROASTERS PORTLAND OR,-6.11,DEBIT_CARD
DEBIT,09/26/2023,RIVERTON U DINING HALL PORTLAND OR,-11.12,DEBIT_CARD
DEBIT,09/26/2023,SQ *NIMBUS COFFEE #0421 PORTLAND OR,-4.80,DEBIT_CARD
CREDIT,09/29/2023,RIVERTON UNIV PAYROLL PPD ID: 9885325,415.87,ACH_CREDIT
DEBIT,09/30/2023,RIVERTON U DINING 004 PORTLAND OR,-12.07,DEBIT_CARD
DEBIT,10/02/2023,NIMBUS COFFEE 00421 PORTLAND OR,-6.43,DEBIT_CARD
DEBIT,10/02/2023,QUICKSTOP 2244 PORTLAND ORAPPLE PAY ending in [XXXX],-8.10,DEBIT_CARD
DEBIT,10/02/2023,RIVERTON U DINING 004 PORTLAND OR,-12.50,DEBIT_CARD
DEBIT,10/02/2023,ZIPLANE *RIDE HELP.ZIPLANE.COM,-11.43,DEBIT_CARD
DEBIT,10/03/2023,RIVERTON U DINING 004 PORTLAND OR,-10.83,DEBIT_CARD
DEBIT,10/03/2023,Zelle payment to DEVON ASHFORD 83416946020,-43.88,QUICKPAY_DEBIT
DEBIT,10/05/2023,RIVERTON U DINING HALL PORTLAND OR,-11.65,DEBIT_CARD
DEBIT,10/05/2023,RIVERTON U HOUSING ACH WEB ID: [REDACTED],-742.00,ACH_DEBIT
DEBIT,10/07/2023,RIVERTON U DINING 004 PORTLAND OR,-12.08,DEBIT_CARD
CREDIT,10/08/2023,Zelle payment from PRIYA VANTERPOOL JPM983981242,57.47,QUICKPAY_CREDIT
DEBIT,10/09/2023,RIVERTON U DINING HALL PORTLAND ORAPPLE PAY ending in [XXXX],-14.53,DEBIT_CARD
DEBIT,10/09/2023,Zelle payment to TOBIN REEVES 23967579507,-34.84,QUICKPAY_DEBIT
DEBIT,10/11/2023,RIVERTON U DINING 004 PORTLAND OR,-10.15,DEBIT_CARD
DEBIT,10/12/2023,VANTA MOBILE WIRELESS PPD ID: 334327,-43.57,ACH_DEBIT
CREDIT,10/13/2023,PENNYLOOM PAYOUTS ST-045EB098 CCD ID: 2290276,126.69,ACH_CREDIT
CREDIT,10/13/2023,RIVERTON UNIV PAYROLL PPD ID: 9864483,448.00,ACH_CREDIT
DEBIT,10/14/2023,NIMBUS COFFEE 00421 PORTLAND OR,-5.34,DEBIT_CARD
DEBIT,10/14/2023,RIVERTON U DINING 004 PORTLAND OR,-10.00,DEBIT_CARD
DEBIT,10/14/2023,SQ *KESTREL GAMES PORTLAND OR,-17.90,DEBIT_CARD
DEBIT,10/15/2023,ZIPLANE RIDES HELP.ZIPLANE.COMAPPLE PAY ending in [XXXX],-19.76,DEBIT_CARD
DEBIT,10/17/2023,RIVERTON TRANSIT PASS PORTLAND OR,-2.51,DEBIT_CARD
DEBIT,10/17/2023,RIVERTON U DINING 004 PORTLAND OR,-10.64,DEBIT_CARD
DEBIT,10/17/2023,TST* CALDER DINER PORTLAND OR,-18.52,DEBIT_CARD
CREDIT,10/19/2023,Zelle payment from PRIYA VANTERPOOL JPM899319554,62.49,QUICKPAY_CREDIT
DEBIT,10/21/2023,RIVERTON TRANSIT PASS PORTLAND OR,-57.40,DEBIT_CARD
DEBIT,10/21/2023,RIVERTON U DINING 004 PORTLAND OR,-10.12,DEBIT_CARD
DEBIT,10/21/2023,SQ *NIMBUS COFFEE #0421 PORTLAND OR,-4.55,DEBIT_CARD
DEBIT,10/21/2023,TST* CALDER DINER PORTLAND OR,-15.70,DEBIT_CARD
DEBIT,10/22/2023,DISCOVER E-PAYMENT ACH WEB ID: [REDACTED]APPLE PAY ending in [XXXX],-104.16,ACH_DEBIT
DEBIT,10/23/2023,CALDER DINER PORTLAND OR,-20.48,DEBIT_CARD
DEBIT,10/23/2023,NIMBUS COFFEE 00421 PORTLAND OR,-6.35,DEBIT_CARD
DEBIT,10/23/2023,RIVERTON U DINING HALL PORTLAND OR,-12.83,DEBIT_CARD
DEBIT,10/25/2023,RIVERTON U DINING 004 PORTLAND OR,-10.35,DEBIT_CARD
DEBIT,10/25/2023,Zelle payment to MARISOL QUAY 47155561334,-20.91,QUICKPAY_DEBIT
DEBIT,10/27/2023,CALDER DINER PORTLAND OR,-15.00,DEBIT_CARD
DEBIT,10/27/2023,NIMBUS COFFEE 00421 PORTLAND OR,-4.84,DEBIT_CARD
DEBIT,10/27/2023,RIVERTON U DINING 004 PORTLAND OR,-14.01,DEBIT_CARD
CREDIT,10/27/2023,RIVERTON UNIV PAYROLL PPD ID: 9400888APPLE PAY ending in [XXXX],374.09,ACH_CREDIT
DEBIT,10/30/2023,RIVERTON U DINING 004 PORTLAND OR,-10.36,DEBIT_CARD
DEBIT,11/02/2023,NIMBUS COFFEE 00421 PORTLAND OR,-4.39,DEBIT_CARD
DEBIT,11/02/2023,PAYPAL *THISTLETHR 4029357733,-48.56,DEBIT_CARD
DEBIT,11/05/2023,RIVERTON U DINING HALL PORTLAND OR,-10.75,DEBIT_CARD
DEBIT,11/05/2023,RIVERTON U HOUSING ACH WEB ID: [REDACTED],-742.00,ACH_DEBIT
DEBIT,11/06/2023,Zelle payment to DEVON ASHFORD 19610172989,-31.61,QUICKPAY_DEBIT
DEBIT,11/07/2023,COASTLINE COACH LINES 0042 PORTLAND OR,-34.55,DEBIT_CARD
DEBIT,11/08/2023,RIVERTON U DINING HALL PORTLAND OR,-14.33,DEBIT_CARD
DEBIT,11/08/2023,SQ *NIMBUS COFFEE ROASTERS PORTLAND ORAPPLE PAY ending in [XXXX],-5.04,DEBIT_CARD
DEBIT,11/08/2023,TST*CALDER DINER - PEARL PORTLAND OR,-24.35,DEBIT_CARD
DEBIT,11/09/2023,RIVERTON U DINING HALL PORTLAND OR,-10.24,DEBIT_CARD
DEBIT,11/09/2023,SQ *NIMBUS COFFEE ROASTERS PORTLAND OR,-6.03,DEBIT_CARD
DEBIT,11/09/2023,ZIPLANE RIDES HELP.ZIPLANE.COM,-13.66,DEBIT_CARD
CREDIT,11/10/2023,RIVERTON UNIV PAYROLL PPD ID: 9233809,448.05,ACH_CREDIT
DEBIT,11/12/2023,TST* CALDER DINER PORTLAND OR,-17.77,DEBIT_CARD
DEBIT,11/12/2023,VANTA MOBILE WIRELESS PPD ID: 335447,-40.12,ACH_DEBIT
CREDIT,11/12/2023,Zelle payment from PRIYA VANTERPOOL JPM524811661,58.37,QUICKPAY_CREDIT
DEBIT,11/13/2023,QUICKSTOP 2244 PORTLAND ORAPPLE PAY ending in [XXXX],-8.24,DEBIT_CARD
DEBIT,11/13/2023,SQ *NIMBUS COFFEE #0421 PORTLAND OR,-4.28,DEBIT_CARD
DEBIT,11/13/2023,TST*CALDER DINER - PEARL PORTLAND OR,-23.63,DEBIT_CARD
DEBIT,11/13/2023,ZIPLANE *RIDE HELP.ZIPLANE.COM,-8.18,DEBIT_CARD
DEBIT,11/15/2023,MERIDIAN PHARMACY #455 PORTLAND OR,-16.54,DEBIT_CARD
DEBIT,11/16/2023,CALDER DINER PORTLAND OR,-14.89,DEBIT_CARD
DEBIT,11/16/2023,RIVERTON U DINING HALL PORTLAND OR,-10.66,DEBIT_CARD
DEBIT,11/17/2023,TST*CALDER DINER - PEARL PORTLAND OR,-17.90,DEBIT_CARD
DEBIT,11/20/2023,RIVERTON U DINING 004 PORTLAND OR,-11.18,DEBIT_CARD
DEBIT,11/21/2023,RIVERTON TRANSIT PASS PORTLAND ORAPPLE PAY ending in [XXXX],-60.16,DEBIT_CARD
DEBIT,11/22/2023,DISCOVER E-PAYMENT ACH WEB ID: [REDACTED],-203.17,ACH_DEBIT
DEBIT,11/22/2023,SQ *NIMBUS COFFEE #0421 PORTLAND OR,-4.59,DEBIT_CARD
DEBIT,11/24/2023,RIVERTON U DINING HALL PORTLAND OR,-12.06,DEBIT_CARD
CREDIT,11/24/2023,RIVERTON UNIV PAYROLL PPD ID: 9992301,424.83,ACH_CREDIT
DEBIT,11/24/2023,ZIPLANE *RIDE HELP.ZIPLANE.COM,-22.24,DEBIT_CARD
CREDIT,11/25/2023,Zelle payment from MARISOL QUAY JPM481476433,43.25,QUICKPAY_CREDIT
DEBIT,11/26/2023,NIMBUS COFFEE 00421 PORTLAND OR,-7.05,DEBIT_CARD
DEBIT,11/26/2023,TST*CALDER DINER - PEARL PORTLAND OR,-21.96,DEBIT_CARD
DEBIT,11/27/2023,NIMBUS COFFEE 00421 PORTLAND ORAPPLE PAY ending in [XXXX],-6.79,DEBIT_CARD
DEBIT,11/27/2023,RIVERTON U DINING HALL PORTLAND OR,-11.13,DEBIT_CARD
DEBIT,11/29/2023,MERIDIAN PHARMACY #455 PORTLAND OR,-17.36,DEBIT_CARD
DEBIT,11/29/2023,RIVERTON U DINING HALL PORTLAND OR,-8.84,DEBIT_CARD
DEBIT,11/29/2023,SQ *NIMBUS COFFEE #0421 PORTLAND OR,-5.74,DEBIT_CARD
DEBIT,12/01/2023,ORPHEUM SIX CINEMA PORTLAND OR,-18.48,DEBIT_CARD
DEBIT,12/01/2023,RIVERTON TRANSIT AUTH PORTLAND OR,-3.47,DEBIT_CARD
DEBIT,12/03/2023,NIMBUS COFFEE 00421 PORTLAND OR,-4.42,DEBIT_CARD
DEBIT,12/04/2023,Zelle payment to MARISOL QUAY 20823589301,-29.68,QUICKPAY_DEBIT
DEBIT,12/05/2023,RIVERTON U HOUSING ACH WEB ID: [REDACTED]APPLE PAY ending in [XXXX],-742.00,ACH_DEBIT
DEBIT,12/07/2023,Zelle payment to MARISOL QUAY 19926814771,-29.81,QUICKPAY_DEBIT
CREDIT,12/08/2023,RIVERTON UNIV PAYROLL PPD ID: 9712682,427.71,ACH_CREDIT
CREDIT,12/10/2023,Zelle payment from MARISOL QUAY JPM685384679,62.40,QUICKPAY_CREDIT
DEBIT,12/11/2023,MARKETPLACE ORDER 88-4412-90 PORTLAND OR,-42.85,DEBIT_CARD
DEBIT,12/11/2023,MERIDIAN PHARMACY #455 PORTLAND OR,-18.66,DEBIT_CARD
DEBIT,12/12/2023,VANTA MOBILE WIRELESS PPD ID: 334277,-42.54,ACH_DEBIT
DEBIT,12/13/2023,QUICKSTOP #2244 PORTLAND OR,-7.12,DEBIT_CARD
DEBIT,12/13/2023,SQ *ALDER LANE BARBERS PORTLAND OR,-28.12,DEBIT_CARD
DEBIT,12/17/2023,Online Transfer to CHK ...4022 transaction#: 91824771APPLE PAY ending in [XXXX],-92.73,ACCT_XFER
DEBIT,12/17/2023,RIVERTON U DINING HALL PORTLAND OR,-10.36,DEBIT_CARD
DEBIT,12/17/2023,SQ *NIMBUS COFFEE ROASTERS PORTLAND OR,-5.88,DEBIT_CARD
DEBIT,12/17/2023,SQ *SPOKE + SPROCKET PORTLAND OR,-41.23,DEBIT_CARD
CREDIT,12/18/2023,PENNYLOOM PAYOUTS ST-01A525BE CCD ID: 2274113,135.48,ACH_CREDIT
DEBIT,12/18/2023,SQ *NIMBUS COFFEE ROASTERS PORTLAND OR,-6.77,DEBIT_CARD
DEBIT,12/20/2023,RIVERTON U DINING 004 PORTLAND OR,-8.85,DEBIT_CARD
DEBIT,12/20/2023,SQ *NIMBUS COFFEE #0421 PORTLAND OR,-4.95,DEBIT_CARD
DEBIT,12/20/2023,TST* CALDER DINER PORTLAND OR,-17.25,DEBIT_CARD
DEBIT,12/21/2023,RIVERTON TRANSIT PASS PORTLAND ORAPPLE PAY ending in [XXXX],-60.19,DEBIT_CARD
DEBIT,12/22/2023,DISCOVER E-PAYMENT ACH WEB ID: [REDACTED],-233.94,ACH_DEBIT
CREDIT,12/22/2023,RIVERTON UNIV PAYROLL PPD ID: 9352011,461.99,ACH_CREDIT
DEBIT,12/23/2023,RIVERTON U DINING HALL PORTLAND OR,-9.56,DEBIT_CARD
DEBIT,12/23/2023,TST* CALDER DINER PORTLAND OR,-22.28,DEBIT_CARD
DEBIT,12/25/2023,QUICKSTOP #2244 PORTLAND OR,-9.17,DEBIT_CARD
DEBIT,12/25/2023,TST*CALDER DINER - PEARL PORTLAND OR,-14.06,DEBIT_CARD
DEBIT,12/26/2023,RIVERTON U DINING HALL PORTLAND OR,-11.39,DEBIT_CARD
DEBIT,12/26/2023,SQ *NIMBUS COFFEE ROASTERS PORTLAND OR,-5.20,DEBIT_CARD
DEBIT,12/27/2023,MERIDIAN PHARMACY #455 PORTLAND ORAPPLE PAY ending in [XXXX],-20.08,DEBIT_CARD
DEBIT,12/27/2023,QUICKSTOP 2244 PORTLAND OR,-8.98,DEBIT_CARD
DEBIT,12/27/2023,RIVERTON U DINING 004 PORTLAND OR,-13.31,DEBIT_CARD
CREDIT,12/27/2023,Zelle payment from PRIYA VANTERPOOL JPM980656673,24.42,QUICKPAY_CREDIT
DEBIT,01/05/2024,RIVERTON U HOUSING ACH WEB ID: [REDACTED],-742.00,ACH_DEBIT
CREDIT,01/05/2024,RIVERTON UNIV PAYROLL PPD ID: 9161383,409.74,ACH_CREDIT
DEBIT,01/06/2024,RIVERTON U DINING 004 PORTLAND OR,-14.50,DEBIT_CARD
DEBIT,01/06/2024,SQ *NIMBUS COFFEE ROASTERS PORTLAND OR,-5.41,DEBIT_CARD
CREDIT,01/06/2024,Zelle payment from DEVON ASHFORD JPM423094023,30.96,QUICKPAY_CREDIT
DEBIT,01/07/2024,RIVERTON U DINING HALL PORTLAND ORAPPLE PAY ending in [XXXX],-14.59,DEBIT_CARD
DEBIT,01/07/2024,SQ *NIMBUS COFFEE ROASTERS PORTLAND OR,-6.61,DEBIT_CARD
DEBIT,01/09/2024,SQ *NIMBUS COFFEE #0421 PORTLAND OR,-6.27,DEBIT_CARD
DEBIT,01/09/2024,TST*CALDER DINER - PEARL PORTLAND OR,-21.90,DEBIT_CARD
DEBIT,01/10/2024,SQ *ALDER LANE BARBERS PORTLAND OR,-34.20,DEBIT_CARD
DEBIT,01/11/2024,RIVERTON U DINING 004 PORTLAND OR,-13.43,DEBIT_CARD
DEBIT,01/11/2024,SQ *NIMBUS COFFEE #0421 PORTLAND OR,-4.90,DEBIT_CARD
DEBIT,01/11/2024,ZIPLANE RIDES HELP.ZIPLANE.COM,-12.69,DEBIT_CARD
DEBIT,01/12/2024,VANTA MOBILE WIRELESS PPD ID: 332819,-41.22,ACH_DEBIT
DEBIT,01/13/2024,CALDER DINER PORTLAND ORAPPLE PAY ending in [XXXX],-16.02,DEBIT_CARD
DEBIT,01/13/2024,RIVERTON U DINING HALL PORTLAND OR,-12.81,DEBIT_CARD
DEBIT,01/13/2024,SQ *NIMBUS COFFEE #0421 PORTLAND OR,-6.28,DEBIT_CARD
DEBIT,01/14/2024,NIMBUS COFFEE 00421 PORTLAND OR,-7.04,DEBIT_CARD
DEBIT,01/14/2024,RIVERTON U DINING 004 PORTLAND OR,-10.08,DEBIT_CARD
DEBIT,01/14/2024,Zelle payment to TOBIN REEVES 24422083491,-53.78,QUICKPAY_DEBIT
DEBIT,01/16/2024,CALDER DINER PORTLAND OR,-23.71,DEBIT_CARD
CREDIT,01/16/2024,RIVERTON UNIV STUDENT AID ACH WEB ID: [REDACTED],4180.00,ACH_CREDIT
DEBIT,01/17/2024,QUICKSTOP #2244 PORTLAND OR,-5.71,DEBIT_CARD
DEBIT,01/17/2024,SPOKE AND SPROCKET CYCLES PORTLAND ORAPPLE PAY ending in [XXXX],-52.37,DEBIT_CARD
DEBIT,01/17/2024,SQ *NIMBUS COFFEE ROASTERS PORTLAND OR,-4.53,DEBIT_CARD
DEBIT,01/18/2024,RIVERTON U DINING 004 PORTLAND OR,-11.59,DEBIT_CARD
CREDIT,01/19/2024,RIVERTON UNIV PAYROLL PPD ID: 9412336,470.39,ACH_CREDIT
CREDIT,01/19/2024,Zelle payment from PRIYA VANTERPOOL JPM890574070,19.54,QUICKPAY_CREDIT
DEBIT,01/21/2024,CALDER DINER PORTLAND OR,-22.83,DEBIT_CARD
DEBIT,01/21/2024,MARKETPLACE ORDER 88-4412-90 PORTLAND OR,-43.90,DEBIT_CARD
DEBIT,01/21/2024,RIVERTON TRANSIT PASS PORTLAND OR,-59.39,DEBIT_CARD
DEBIT,01/21/2024,RIVERTON U DINING HALL PORTLAND OR,-13.35,DEBIT_CARD
DEBIT,01/21/2024,SQ *ALDER LANE BARBERS PORTLAND ORAPPLE PAY ending in [XXXX],-24.63,DEBIT_CARD
DEBIT,01/21/2024,Zelle payment to DEVON ASHFORD 68489156982,-29.26,QUICKPAY_DEBIT
DEBIT,01/22/2024,DISCOVER E-PAYMENT ACH WEB ID: [REDACTED],-203.10,ACH_DEBIT
DEBIT,01/23/2024,RIVERTON UNIV TUITION ACH WEB ID: [REDACTED],-3260.00,ACH_DEBIT
DEBIT,01/23/2024,SQ *NIMBUS COFFEE #0421 PORTLAND OR,-5.05,DEBIT_CARD
DEBIT,01/24/2024,CALDER DINER PORTLAND OR,-21.38,DEBIT_CARD
DEBIT,01/24/2024,Zelle payment to DEVON ASHFORD 80955759140,-46.02,QUICKPAY_DEBIT
DEBIT,01/27/2024,MERIDIAN PHARMACY #455 PORTLAND OR,-13.70,DEBIT_CARD
DEBIT,01/27/2024,RIVERTON U DINING HALL PORTLAND OR,-13.59,DEBIT_CARD
DEBIT,01/27/2024,SPOKE AND SPROCKET CYCLES PORTLAND ORAPPLE PAY ending in [XXXX],-31.85,DEBIT_CARD
DEBIT,01/28/2024,QUICKSTOP #2244 PORTLAND OR,-5.43,DEBIT_CARD
DEBIT,01/28/2024,RIVERTON TRANSIT AUTH PORTLAND OR,-4.23,DEBIT_CARD
DEBIT,01/28/2024,RIVERTON U DINING HALL PORTLAND OR,-12.16,DEBIT_CARD
DEBIT,01/28/2024,SQ *NIMBUS COFFEE ROASTERS PORTLAND OR,-5.09,DEBIT_CARD
DEBIT,01/29/2024,RIVERTON U DINING 004 PORTLAND OR,-11.57,DEBIT_CARD
CREDIT,02/02/2024,RIVERTON UNIV PAYROLL PPD ID: 9720624,371.80,ACH_CREDIT
DEBIT,02/05/2024,RIVERTON TRANSIT AUTH PORTLAND OR,-3.36,DEBIT_CARD
DEBIT,02/05/2024,RIVERTON U HOUSING ACH WEB ID: [REDACTED],-742.00,ACH_DEBIT
DEBIT,02/05/2024,SQ *NIMBUS COFFEE ROASTERS PORTLAND ORAPPLE PAY ending in [XXXX],-4.55,DEBIT_CARD
DEBIT,02/05/2024,Zelle payment to TOBIN REEVES 44720802788,-17.33,QUICKPAY_DEBIT
DEBIT,02/07/2024,NIMBUS COFFEE 00421 PORTLAND OR,-4.46,DEBIT_CARD
DEBIT,02/07/2024,RIVERTON U DINING HALL PORTLAND OR,-9.38,DEBIT_CARD
DEBIT,02/08/2024,SQ *NIMBUS COFFEE #0421 PORTLAND OR,-4.88,DEBIT_CARD
DEBIT,02/08/2024,TST* CALDER DINER PORTLAND OR,-18.61,DEBIT_CARD
DEBIT,02/10/2024,ATM WITHDRAWAL 004182 PORTLAND OR,-32.26,DEBIT_CARD
DEBIT,02/10/2024,PAYPAL *THISTLETHR 4029357733,-41.43,DEBIT_CARD
DEBIT,02/10/2024,RIVERTON U DINING 004 PORTLAND OR,-11.62,DEBIT_CARD
DEBIT,02/10/2024,SQ *NIMBUS COFFEE #0421 PORTLAND ORAPPLE PAY ending in [XXXX],-4.76,DEBIT_CARD
DEBIT,02/11/2024,CALDER DINER PORTLAND OR,-23.79,DEBIT_CARD
CREDIT,02/12/2024,PENNYLOOM PAYOUTS ST-043346EE CCD ID: 2249276,85.46,ACH_CREDIT
DEBIT,02/12/2024,VANTA MOBILE WIRELESS PPD ID: 334174,-39.38,ACH_DEBIT
CREDIT,02/16/2024,RIVERTON UNIV PAYROLL PPD ID: 9552148,380.14,ACH_CREDIT
DEBIT,02/16/2024,SQ *NIMBUS COFFEE #0421 PORTLAND OR,-4.72,DEBIT_CARD
DEBIT,02/17/2024,CALDER DINER PORTLAND OR,-22.57,DEBIT_CARD
DEBIT,02/17/2024,Online Transfer to CHK ...4022 transaction#: 91824771,-166.02,ACCT_XFER
DEBIT,02/17/2024,SQ *NIMBUS COFFEE ROASTERS PORTLAND OR,-6.10,DEBIT_CARD
DEBIT,02/18/2024,MERIDIAN PHARMACY 0455 PORTLAND ORAPPLE PAY ending in [XXXX],-20.73,DEBIT_CARD
DEBIT,02/19/2024,HALLOW BOWL NOODLE BAR 0198 PORTLAND OR,-14.43,DEBIT_CARD
DEBIT,02/19/2024,SQ *NIMBUS COFFEE #0421 PORTLAND OR,-4.47,DEBIT_CARD
DEBIT,02/19/2024,Zelle payment to MARISOL QUAY 12781326642,-22.77,QUICKPAY_DEBIT
DEBIT,02/21/2024,FERNWOOD MARKET PORTLAND OR,-52.02,DEBIT_CARD
DEBIT,02/21/2024,NIMBUS COFFEE 00421 PORTLAND OR,-5.29,DEBIT_CARD
DEBIT,02/21/2024,RIVERTON TRANSIT PASS PORTLAND OR,-60.22,DEBIT_CARD
DEBIT,02/21/2024,TST* CALDER DINER PORTLAND OR,-21.44,DEBIT_CARD
DEBIT,02/22/2024,DISCOVER E-PAYMENT ACH WEB ID: [REDACTED],-142.50,ACH_DEBIT
DEBIT,02/23/2024,FERNWOOD MARKET 00812 PORTLAND ORAPPLE PAY ending in [XXXX],-36.64,DEBIT_CARD
DEBIT,02/23/2024,RIVERTON TRANSIT PASS PORTLAND OR,-3.85,DEBIT_CARD
DEBIT,02/23/2024,Zelle payment to DEVON ASHFORD 51250408763,-32.21,QUICKPAY_DEBIT
DEBIT,02/29/2024,NIMBUS COFFEE 00421 PORTLAND OR,-6.69,DEBIT_CARD
DEBIT,03/01/2024,BRIAR CREEK APTS RENT ACH WEB ID: [REDACTED],-1185.00,ACH_DEBIT
CREDIT,03/01/2024,RIVERTON UNIV PAYROLL PPD ID: 9928243,465.21,ACH_CREDIT
DEBIT,03/03/2024,MERIDIAN PHARMACY 0455 PORTLAND OR,-23.02,DEBIT_CARD
DEBIT,03/04/2024,FERNWOOD MARKET #812 PORTLAND OR,-33.77,DEBIT_CARD
DEBIT,03/04/2024,SQ *NIMBUS COFFEE ROASTERS PORTLAND OR,-6.23,DEBIT_CARD
DEBIT,03/07/2024,SQ *NIMBUS COFFEE ROASTERS PORTLAND ORAPPLE PAY ending in [XXXX],-7.47,DEBIT_CARD
DEBIT,03/09/2024,CALDER DINER PORTLAND OR,-20.70,DEBIT_CARD
DEBIT,03/09/2024,CASCADE POWER + WATER PPD ID: 779911,-76.59,ACH_DEBIT
DEBIT,03/09/2024,HALLOW BOWL NOODLE BAR 0198 PORTLAND OR,-17.56,DEBIT_CARD
DEBIT,03/09/2024,SQ *NIMBUS COFFEE ROASTERS PORTLAND OR,-4.84,DEBIT_CARD
DEBIT,03/10/2024,HALLOW BOWL NOODLE BAR 0198 PORTLAND OR,-15.46,DEBIT_CARD
DEBIT,03/10/2024,ZIPLANE *RIDE HELP.ZIPLANE.COM,-17.19,DEBIT_CARD
CREDIT,03/10/2024,Zelle payment from MARISOL QUAY JPM340586407,47.57,QUICKPAY_CREDIT
DEBIT,03/12/2024,SQ *HALLOW BOWL NOODLE PORTLAND OR,-18.20,DEBIT_CARD
DEBIT,03/12/2024,SQ *NIMBUS COFFEE #0421 PORTLAND ORAPPLE PAY ending in [XXXX],-6.14,DEBIT_CARD
DEBIT,03/12/2024,TST*CALDER DINER - PEARL PORTLAND OR,-17.59,DEBIT_CARD
DEBIT,03/12/2024,VANTA MOBILE WIRELESS PPD ID: 337705,-42.03,ACH_DEBIT
DEBIT,03/12/2024,Zelle payment to DEVON ASHFORD 66438538623,-18.81,QUICKPAY_DEBIT
DEBIT,03/14/2024,PIONEER FIBER INTERNET PPD ID: 8814772,-62.87,ACH_DEBIT
DEBIT,03/15/2024,CASCADE HOME SUPPLY 118 PORTLAND OR,-27.55,ACH_DEBIT
DEBIT,03/15/2024,FERNWOOD MARKET PORTLAND OR,-35.11,DEBIT_CARD
CREDIT,03/15/2024,RIVERTON UNIV PAYROLL PPD ID: 9429770,458.95,ACH_CREDIT
DEBIT,03/15/2024,SQ *NIMBUS COFFEE #0421 PORTLAND OR,-6.04,DEBIT_CARD
DEBIT,03/15/2024,ZIPLANE *RIDE HELP.ZIPLANE.COMAPPLE PAY ending in [XXXX],-17.58,DEBIT_CARD
DEBIT,03/16/2024,HARBORLIGHT RENTERS INS PPD ID: 6620031,-13.97,ACH_DEBIT
DEBIT,03/18/2024,HALLOW BOWL NOODLE BAR 0198 PORTLAND OR,-15.69,DEBIT_CARD
DEBIT,03/18/2024,NIMBUS COFFEE 00421 PORTLAND OR,-6.83,DEBIT_CARD
DEBIT,03/18/2024,Online Transfer to CHK ...4022 transaction#: 91824771,-229.87,ACCT_XFER
DEBIT,03/19/2024,FERNWOOD MARKET #812 PORTLAND OR,-56.22,DEBIT_CARD
DEBIT,03/19/2024,ORPHEUM SIX CINEMA PORTLAND OR,-11.36,DEBIT_CARD
DEBIT,03/19/2024,TST* CALDER DINER PORTLAND OR,-24.21,DEBIT_CARD
DEBIT,03/20/2024,FERNWOOD MARKET PORTLAND OR,-53.24,DEBIT_CARD
DEBIT,03/20/2024,SQ *NIMBUS COFFEE ROASTERS PORTLAND ORAPPLE PAY ending in [XXXX],-7.22,DEBIT_CARD
DEBIT,03/21/2024,FERNWOOD MARKET #812 PORTLAND OR,-55.77,DEBIT_CARD
DEBIT,03/21/2024,RIVERTON TRANSIT PASS PORTLAND OR,-55.96,DEBIT_CARD
DEBIT,03/22/2024,DISCOVER E-PAYMENT ACH WEB ID: [REDACTED],-163.58,ACH_DEBIT
DEBIT,03/24/2024,FERNWOOD MARKET PORTLAND OR,-41.99,DEBIT_CARD
DEBIT,03/27/2024,HALLOW BOWL NOODLE BAR 0198 PORTLAND OR,-20.83,DEBIT_CARD
CREDIT,03/29/2024,RIVERTON UNIV PAYROLL PPD ID: 9370383,403.83,ACH_CREDIT
DEBIT,03/30/2024,ATM WITHDRAWAL 004182 PORTLAND OR,-35.09,DEBIT_CARD
DEBIT,03/30/2024,SQ *HALLOW BOWL NOODLE PORTLAND OR,-13.36,DEBIT_CARD
DEBIT,04/01/2024,BRIAR CREEK APTS RENT ACH WEB ID: [REDACTED]APPLE PAY ending in [XXXX],-1185.00,ACH_DEBIT
DEBIT,04/01/2024,HALLOW BOWL NOODLE BAR 0198 PORTLAND OR,-15.92,DEBIT_CARD
DEBIT,04/01/2024,NIMBUS COFFEE 00421 PORTLAND OR,-6.93,DEBIT_CARD
DEBIT,04/02/2024,FERNWOOD MARKET #812 PORTLAND OR,-58.46,DEBIT_CARD
DEBIT,04/02/2024,SQ *HALLOW BOWL NOODLE PORTLAND OR,-20.87,DEBIT_CARD
DEBIT,04/03/2024,Zelle payment to TOBIN REEVES 16190441819,-15.31,QUICKPAY_DEBIT
DEBIT,04/06/2024,FERNWOOD MARKET PORTLAND OR,-51.02,DEBIT_CARD
DEBIT,04/07/2024,Zelle payment to TOBIN REEVES 96450643018,-53.89,QUICKPAY_DEBIT
DEBIT,04/08/2024,FERNWOOD MARKET PORTLAND OR,-34.90,DEBIT_CARD
DEBIT,04/08/2024,SQ *NIMBUS COFFEE ROASTERS PORTLAND ORAPPLE PAY ending in [XXXX],-5.26,DEBIT_CARD
DEBIT,04/09/2024,CASCADE POWER + WATER PPD ID: 774909,-84.87,ACH_DEBIT
DEBIT,04/11/2024,CASCADE HOME SUPPLY 118 PORTLAND OR,-269.48,ACH_DEBIT
DEBIT,04/12/2024,FERNWOOD MARKET 00812 PORTLAND OR,-49.31,DEBIT_CARD
CREDIT,04/12/2024,RIVERTON UNIV PAYROLL PPD ID: 9291835,417.57,ACH_CREDIT
DEBIT,04/12/2024,VANTA MOBILE WIRELESS PPD ID: 339849,-39.69,ACH_DEBIT
DEBIT,04/13/2024,FERNWOOD MARKET 00812 PORTLAND OR,-51.98,DEBIT_CARD
DEBIT,04/13/2024,SQ *HALLOW BOWL NOODLE PORTLAND OR,-20.11,DEBIT_CARD
DEBIT,04/14/2024,HALLOW BOWL NOODLE BAR 0198 PORTLAND OR,-20.16,DEBIT_CARD
DEBIT,04/14/2024,PIONEER FIBER INTERNET PPD ID: 8814772APPLE PAY ending in [XXXX],-59.83,ACH_DEBIT
DEBIT,04/15/2024,HALLOW BOWL NOODLE BAR 0198 PORTLAND OR,-18.43,DEBIT_CARD
DEBIT,04/15/2024,NIMBUS COFFEE 00421 PORTLAND OR,-4.94,DEBIT_CARD
DEBIT,04/16/2024,FERNWOOD MARKET PORTLAND OR,-38.57,DEBIT_CARD
DEBIT,04/16/2024,HARBORLIGHT RENTERS INS PPD ID: 6620031,-13.17,ACH_DEBIT
DEBIT,04/16/2024,SQ *NIMBUS COFFEE ROASTERS PORTLAND OR,-4.48,DEBIT_CARD
DEBIT,04/16/2024,THISTLE AND THREAD 0067 PORTLAND OR,-38.17,DEBIT_CARD
DEBIT,04/19/2024,SQ *NIMBUS COFFEE ROASTERS PORTLAND OR,-6.88,DEBIT_CARD
DEBIT,04/19/2024,THISTLE AND THREAD 0067 PORTLAND OR,-31.45,DEBIT_CARD
CREDIT,04/20/2024,Zelle payment from MARISOL QUAY JPM123617740APPLE PAY ending in [XXXX],60.57,QUICKPAY_CREDIT
DEBIT,04/21/2024,RIVERTON TRANSIT PASS PORTLAND OR,-58.89,DEBIT_CARD
DEBIT,04/22/2024,DISCOVER E-PAYMENT ACH WEB ID: [REDACTED],-164.24,ACH_DEBIT
DEBIT,04/22/2024,Zelle payment to DEVON ASHFORD 65201917404,-47.87,QUICKPAY_DEBIT
DEBIT,04/23/2024,FERNWOOD MARKET 00812 PORTLAND OR,-56.01,DEBIT_CARD
DEBIT,04/23/2024,SQ *HALLOW BOWL NOODLE PORTLAND OR,-17.88,DEBIT_CARD
CREDIT,04/23/2024,Zelle payment from PRIYA VANTERPOOL JPM379385052,58.87,QUICKPAY_CREDIT
DEBIT,04/24/2024,MERIDIAN PHARMACY #455 PORTLAND OR,-18.01,DEBIT_CARD
DEBIT,04/24/2024,NIMBUS COFFEE 00421 PORTLAND OR,-5.41,DEBIT_CARD
DEBIT,04/25/2024,SQ *HALLOW BOWL NOODLE PORTLAND ORAPPLE PAY ending in [XXXX],-20.87,DEBIT_CARD
CREDIT,04/26/2024,RIVERTON UNIV PAYROLL PPD ID: 9201496,423.89,ACH_CREDIT
DEBIT,04/26/2024,SQ *NIMBUS COFFEE #0421 PORTLAND OR,-4.72,DEBIT_CARD
DEBIT,04/27/2024,HALLOW BOWL NOODLE BAR 0198 PORTLAND OR,-19.68,DEBIT_CARD
DEBIT,04/27/2024,ZIPLANE *RIDE HELP.ZIPLANE.COM,-11.51,DEBIT_CARD
DEBIT,05/01/2024,BRIAR CREEK APTS RENT ACH WEB ID: [REDACTED],-1185.00,ACH_DEBIT
DEBIT,05/01/2024,RIVERTON TRANSIT PASS PORTLAND OR,-2.22,DEBIT_CARD
DEBIT,05/01/2024,TST* CALDER DINER PORTLAND OR,-23.67,DEBIT_CARD
DEBIT,05/04/2024,FERNWOOD MARKET 00812 PORTLAND OR,-40.60,DEBIT_CARD
DEBIT,05/04/2024,Zelle payment to MARISOL QUAY 38272724815APPLE PAY ending in [XXXX],-36.30,QUICKPAY_DEBIT
DEBIT,05/05/2024,SQ *NIMBUS COFFEE ROASTERS PORTLAND OR,-4.90,DEBIT_CARD
CREDIT,05/06/2024,Zelle payment from PRIYA VANTERPOOL JPM679531320,19.57,QUICKPAY_CREDIT
DEBIT,05/09/2024,CASCADE POWER + WATER PPD ID: 771580,-69.27,ACH_DEBIT
CREDIT,05/10/2024,RIVERTON UNIV PAYROLL PPD ID: 9558142,402.79,ACH_CREDIT
DEBIT,05/12/2024,FERNWOOD MARKET PORTLAND OR,-33.26,DEBIT_CARD
DEBIT,05/12/2024,HALLOW BOWL NOODLE BAR 0198 PORTLAND OR,-12.38,DEBIT_CARD
DEBIT,05/12/2024,NIMBUS COFFEE 00421 PORTLAND OR,-7.33,DEBIT_CARD
DEBIT,05/12/2024,VANTA MOBILE WIRELESS PPD ID: 333458,-44.13,ACH_DEBIT
DEBIT,05/13/2024,Online Transfer to CHK ...4022 transaction#: 91824771APPLE PAY ending in [XXXX],-282.32,ACCT_XFER
DEBIT,05/14/2024,PIONEER FIBER INTERNET PPD ID: 8814772,-62.06,ACH_DEBIT
DEBIT,05/15/2024,SQ *HALLOW BOWL NOODLE PORTLAND OR,-16.94,DEBIT_CARD
DEBIT,05/15/2024,SQ *NIMBUS COFFEE #0421 PORTLAND OR,-5.52,DEBIT_CARD
DEBIT,05/16/2024,HARBORLIGHT RENTERS INS PPD ID: 6620031,-13.31,ACH_DEBIT
DEBIT,05/17/2024,CALDER DINER PORTLAND OR,-16.81,DEBIT_CARD
DEBIT,05/17/2024,Zelle payment to TOBIN REEVES 64851301140,-15.39,QUICKPAY_DEBIT
DEBIT,05/18/2024,NIMBUS COFFEE 00421 PORTLAND OR,-4.94,DEBIT_CARD
DEBIT,05/19/2024,CALDER DINER PORTLAND OR,-20.10,DEBIT_CARD
DEBIT,05/19/2024,CASCADE HOME SUPPLY 118 PORTLAND ORAPPLE PAY ending in [XXXX],-245.95,ACH_DEBIT
DEBIT,05/19/2024,FERNWOOD MARKET PORTLAND OR,-55.18,DEBIT_CARD
DEBIT,05/19/2024,RIVERTON TRANSIT PASS PORTLAND OR,-2.41,DEBIT_CARD
DEBIT,05/19/2024,SQ *HALLOW BOWL NOODLE PORTLAND OR,-17.38,DEBIT_CARD
CREDIT,05/20/2024,PENNYLOOM PAYOUTS ST-03807005 CCD ID: 2215895,114.36,ACH_CREDIT
DEBIT,05/21/2024,RIVERTON TRANSIT PASS PORTLAND OR,-59.44,DEBIT_CARD
DEBIT,05/22/2024,DISCOVER E-PAYMENT ACH WEB ID: [REDACTED],-140.17,ACH_DEBIT
DEBIT,05/23/2024,NIMBUS COFFEE 00421 PORTLAND OR,-7.51,DEBIT_CARD
DEBIT,05/23/2024,SQ *HALLOW BOWL NOODLE PORTLAND OR,-19.02,DEBIT_CARD
CREDIT,05/24/2024,RIVERTON UNIV PAYROLL PPD ID: 9527860APPLE PAY ending in [XXXX],442.84,ACH_CREDIT
DEBIT,05/25/2024,Zelle payment to TOBIN REEVES 37509797744,-16.91,QUICKPAY_DEBIT
CREDIT,05/26/2024,Zelle payment from DEVON ASHFORD JPM946184791,28.02,QUICKPAY_CREDIT
DEBIT,05/27/2024,CALDER DINER PORTLAND OR,-25.44,DEBIT_CARD
DEBIT,05/27/2024,SQ *NIMBUS COFFEE ROASTERS PORTLAND OR,-7.14,DEBIT_CARD
DEBIT,06/01/2024,BRIAR CREEK APTS RENT ACH WEB ID: [REDACTED],-1185.00,ACH_DEBIT
DEBIT,06/05/2024,CALDER DINER PORTLAND OR,-26.24,DEBIT_CARD
DEBIT,06/06/2024,CASCADE HOME SUPPLY 118 PORTLAND OR,-413.20,ACH_DEBIT
DEBIT,06/07/2024,CALDER DINER PORTLAND OR,-18.48,DEBIT_CARD
DEBIT,06/07/2024,COASTLINE COACH LINES PORTLAND ORAPPLE PAY ending in [XXXX],-29.30,DEBIT_CARD
CREDIT,06/07/2024,RIVERTON UNIV PAYROLL PPD ID: 9208693,413.83,ACH_CREDIT
DEBIT,06/07/2024,SQ *HALLOW BOWL NOODLE PORTLAND OR,-14.45,DEBIT_CARD
DEBIT,06/09/2024,ATM WITHDRAWAL 004182 PORTLAND OR,-36.28,DEBIT_CARD
DEBIT,06/09/2024,CASCADE POWER + WATER PPD ID: 773497,-60.37,ACH_DEBIT
DEBIT,06/10/2024,CALDER DINER PORTLAND OR,-21.96,DEBIT_CARD
DEBIT,06/10/2024,FERNWOOD MARKET #812 PORTLAND OR,-43.25,DEBIT_CARD
DEBIT,06/10/2024,HALLOW BOWL NOODLE BAR 0198 PORTLAND OR,-13.13,DEBIT_CARD
DEBIT,06/10/2024,SQ *NIMBUS COFFEE ROASTERS PORTLAND OR,-5.77,DEBIT_CARD
DEBIT,06/10/2024,ZIPLANE *RIDE HELP.ZIPLANE.COMAPPLE PAY ending in [XXXX],-12.27,DEBIT_CARD
CREDIT,06/10/2024,Zelle payment from DEVON ASHFORD JPM267890984,64.06,QUICKPAY_CREDIT
DEBIT,06/12/2024,VANTA MOBILE WIRELESS PPD ID: 336770,-41.56,ACH_DEBIT
DEBIT,06/13/2024,SQ *HALLOW BOWL NOODLE PORTLAND OR,-15.34,DEBIT_CARD
DEBIT,06/14/2024,PIONEER FIBER INTERNET PPD ID: 8814772,-63.48,ACH_DEBIT
DEBIT,06/16/2024,HARBORLIGHT RENTERS INS PPD ID: 6620031,-13.59,ACH_DEBIT
DEBIT,06/16/2024,Online Transfer to CHK ...4022 transaction#: 91824771,-82.01,ACCT_XFER
DEBIT,06/20/2024,FERNWOOD MARKET 00812 PORTLAND OR,-56.11,DEBIT_CARD
DEBIT,06/20/2024,SQ *NIMBUS COFFEE #0421 PORTLAND OR,-5.08,DEBIT_CARD
DEBIT,06/21/2024,RIVERTON TRANSIT PASS PORTLAND ORAPPLE PAY ending in [XXXX],-58.52,DEBIT_CARD
CREDIT,06/21/2024,RIVERTON UNIV PAYROLL PPD ID: 9347240,458.55,ACH_CREDIT
DEBIT,06/22/2024,CASCADE HOME SUPPLY 118 PORTLAND OR,-255.42,ACH_DEBIT
DEBIT,06/22/2024,DISCOVER E-PAYMENT ACH WEB ID: [REDACTED],-200.15,ACH_DEBIT
DEBIT,06/23/2024,Zelle payment to MARISOL QUAY 62492337141,-43.65,QUICKPAY_DEBIT
DEBIT,06/25/2024,SQ *HALLOW BOWL NOODLE PORTLAND OR,-15.54,DEBIT_CARD
CREDIT,06/26/2024,Zelle payment from DEVON ASHFORD JPM305333929,40.81,QUICKPAY_CREDIT
DEBIT,07/01/2024,BRIAR CREEK APTS RENT ACH WEB ID: [REDACTED],-1185.00,ACH_DEBIT
DEBIT,07/01/2024,HALLOW BOWL NOODLE BAR 0198 PORTLAND OR,-21.39,DEBIT_CARD
DEBIT,07/01/2024,SQ *NIMBUS COFFEE #0421 PORTLAND ORAPPLE PAY ending in [XXXX],-5.05,DEBIT_CARD
CREDIT,07/05/2024,RIVERTON UNIV PAYROLL PPD ID: 9427441,413.88,ACH_CREDIT
DEBIT,07/05/2024,Zelle payment to TOBIN REEVES 19539094736,-31.70,QUICKPAY_DEBIT
DEBIT,07/06/2024,NIMBUS COFFEE 00421 PORTLAND OR,-4.85,DEBIT_CARD
DEBIT,07/06/2024,ORPHEUM SIX CINEMA PORTLAND OR,-18.27,DEBIT_CARD
DEBIT,07/06/2024,SQ *HALLOW BOWL NOODLE PORTLAND OR,-18.63,DEBIT_CARD
DEBIT,07/06/2024,SQ *THISTLE + THREAD PORTLAND OR,-34.71,DEBIT_CARD
DEBIT,07/08/2024,ZIPLANE *RIDE HELP.ZIPLANE.COM,-12.13,DEBIT_CARD
DEBIT,07/09/2024,CASCADE POWER + WATER PPD ID: 772103,-102.41,ACH_DEBIT
DEBIT,07/10/2024,FERNWOOD MARKET PORTLAND ORAPPLE PAY ending in [XXXX],-55.52,DEBIT_CARD
DEBIT,07/10/2024,SQ *NIMBUS COFFEE #0421 PORTLAND OR,-7.74,DEBIT_CARD
DEBIT,07/11/2024,HALLOW BOWL NOODLE BAR 0198 PORTLAND OR,-16.15,DEBIT_CARD
DEBIT,07/11/2024,TST* CALDER DINER PORTLAND OR,-25.92,DEBIT_CARD
DEBIT,07/11/2024,Zelle payment to TOBIN REEVES 22616953129,-29.06,QUICKPAY_DEBIT
DEBIT,07/12/2024,Online Transfer to CHK ...4022 transaction#: 91824771,-132.25,ACCT_XFER
DEBIT,07/12/2024,VANTA MOBILE WIRELESS PPD ID: 337552,-38.87,ACH_DEBIT
DEBIT,07/14/2024,PIONEER FIBER INTERNET PPD ID: 8814772,-58.49,ACH_DEBIT
DEBIT,07/16/2024,HARBORLIGHT RENTERS INS PPD ID: 6620031,-13.02,ACH_DEBIT
CREDIT,07/17/2024,PENNYLOOM PAYOUTS ST-03D9DF49 CCD ID: 2257760APPLE PAY ending in [XXXX],116.72,ACH_CREDIT
CREDIT,07/19/2024,RIVERTON UNIV PAYROLL PPD ID: 9699027,484.14,ACH_CREDIT
DEBIT,07/20/2024,SQ *NIMBUS COFFEE #0421 PORTLAND OR,-6.37,DEBIT_CARD
DEBIT,07/21/2024,MARKETPLACE ORDER 88-4412-90 PORTLAND OR,-28.97,DEBIT_CARD
DEBIT,07/21/2024,RIVERTON TRANSIT PASS PORTLAND OR,-56.70,DEBIT_CARD
DEBIT,07/21/2024,SQ *HALLOW BOWL NOODLE PORTLAND OR,-16.13,DEBIT_CARD
DEBIT,07/21/2024,TST*CALDER DINER - PEARL PORTLAND OR,-24.47,DEBIT_CARD
DEBIT,07/22/2024,DISCOVER E-PAYMENT ACH WEB ID: [REDACTED],-214.44,ACH_DEBIT
DEBIT,07/28/2024,FERNWOOD MARKET PORTLAND OR,-33.72,DEBIT_CARD
DEBIT,07/31/2024,CALDER DINER PORTLAND ORAPPLE PAY ending in [XXXX],-25.80,DEBIT_CARD
DEBIT,07/31/2024,HALLOW BOWL NOODLE BAR 0198 PORTLAND OR,-14.89,DEBIT_CARD
DEBIT,07/31/2024,SQ *NIMBUS COFFEE ROASTERS PORTLAND OR,-4.55,DEBIT_CARD
DEBIT,08/01/2024,BRIAR CREEK APTS RENT ACH WEB ID: [REDACTED],-1185.00,ACH_DEBIT
DEBIT,08/01/2024,FERNWOOD MARKET PORTLAND OR,-36.39,DEBIT_CARD
DEBIT,08/01/2024,ORPHEUM SIX CINEMA PORTLAND OR,-13.29,DEBIT_CARD
DEBIT,08/01/2024,SQ *NIMBUS COFFEE #0421 PORTLAND OR,-6.52,DEBIT_CARD
CREDIT,08/02/2024,RIVERTON UNIV PAYROLL PPD ID: 9530468,391.64,ACH_CREDIT
DEBIT,08/04/2024,COASTLINE COACH LINES PORTLAND OR,-23.13,DEBIT_CARD
DEBIT,08/04/2024,FERNWOOD MARKET 00812 PORTLAND ORAPPLE PAY ending in [XXXX],-40.94,DEBIT_CARD
DEBIT,08/04/2024,SQ *NIMBUS COFFEE ROASTERS PORTLAND OR,-6.74,DEBIT_CARD
DEBIT,08/07/2024,HALLOW BOWL NOODLE BAR 0198 PORTLAND OR,-20.12,DEBIT_CARD
DEBIT,08/07/2024,SQ *NIMBUS COFFEE ROASTERS PORTLAND OR,-6.22,DEBIT_CARD
DEBIT,08/09/2024,CASCADE POWER + WATER PPD ID: 776453,-72.74,ACH_DEBIT
DEBIT,08/10/2024,NIMBUS COFFEE 00421 PORTLAND OR,-6.53,DEBIT_CARD
DEBIT,08/11/2024,Online Transfer to CHK ...4022 transaction#: 91824771,-264.62,ACCT_XFER
DEBIT,08/11/2024,Zelle payment to TOBIN REEVES 56656662808,-25.43,QUICKPAY_DEBIT
DEBIT,08/12/2024,TST*CALDER DINER - PEARL PORTLAND OR,-23.04,DEBIT_CARD
DEBIT,08/12/2024,VANTA MOBILE WIRELESS PPD ID: 333820APPLE PAY ending in [XXXX],-38.55,ACH_DEBIT
DEBIT,08/13/2024,FERNWOOD MARKET #812 PORTLAND OR,-55.42,DEBIT_CARD
DEBIT,08/13/2024,NIMBUS COFFEE 00421 PORTLAND OR,-7.78,DEBIT_CARD
DEBIT,08/14/2024,FERNWOOD MARKET 00812 PORTLAND OR,-46.83,DEBIT_CARD
DEBIT,08/14/2024,PIONEER FIBER INTERNET PPD ID: 8814772,-62.97,ACH_DEBIT
CREDIT,08/14/2024,Zelle payment from MARISOL QUAY JPM664595321,52.86,QUICKPAY_CREDIT
DEBIT,08/15/2024,CASCADE HOME SUPPLY 118 PORTLAND OR,-346.45,ACH_DEBIT
DEBIT,08/16/2024,HARBORLIGHT RENTERS INS PPD ID: 6620031,-13.65,ACH_DEBIT
CREDIT,08/16/2024,RIVERTON UNIV PAYROLL PPD ID: 9330050,504.82,ACH_CREDIT
DEBIT,08/17/2024,HALLOW BOWL NOODLE BAR 0198 PORTLAND ORAPPLE PAY ending in [XXXX],-18.76,DEBIT_CARD
DEBIT,08/20/2024,Zelle payment to MARISOL QUAY 91382467076,-32.24,QUICKPAY_DEBIT
DEBIT,08/21/2024,RIVERTON TRANSIT PASS PORTLAND OR,-58.40,DEBIT_CARD
DEBIT,08/22/2024,DISCOVER E-PAYMENT ACH WEB ID: [REDACTED],-222.68,ACH_DEBIT
DEBIT,08/22/2024,FERNWOOD MARKET PORTLAND OR,-45.81,DEBIT_CARD
DEBIT,08/22/2024,Zelle payment to MARISOL QUAY 64096451111,-43.61,QUICKPAY_DEBIT
CREDIT,08/23/2024,Zelle payment from DEVON ASHFORD JPM312760557,37.31,QUICKPAY_CREDIT
DEBIT,08/25/2024,FERNWOOD MARKET 00812 PORTLAND OR,-40.89,DEBIT_CARD
DEBIT,08/25/2024,RIVERTON TRANSIT PASS PORTLAND OR,-2.34,DEBIT_CARD
DEBIT,08/28/2024,COASTLINE COACH LINES 0042 PORTLAND ORAPPLE PAY ending in [XXXX],-48.06,DEBIT_CARD
DEBIT,08/28/2024,NIMBUS COFFEE 00421 PORTLAND OR,-4.95,DEBIT_CARD
DEBIT,08/29/2024,FERNWOOD MARKET #812 PORTLAND OR,-57.74,DEBIT_CARD
DEBIT,08/29/2024,SQ *HALLOW BOWL NOODLE PORTLAND OR,-18.55,DEBIT_CARD
CREDIT,08/30/2024,RIVERTON UNIV PAYROLL PPD ID: 9356709,471.88,ACH_CREDIT
DEBIT,08/30/2024,SQ *HALLOW BOWL NOODLE PORTLAND OR,-18.16,DEBIT_CARD
DEBIT,08/30/2024,SQ *NIMBUS COFFEE ROASTERS PORTLAND OR,-4.94,DEBIT_CARD
DEBIT,09/01/2024,BRIAR CREEK APTS RENT ACH WEB ID: [REDACTED],-1185.00,ACH_DEBIT
DEBIT,09/01/2024,THISTLE AND THREAD 0067 PORTLAND OR,-28.03,DEBIT_CARD
DEBIT,09/02/2024,FERNWOOD MARKET PORTLAND ORAPPLE PAY ending in [XXXX],-56.39,DEBIT_CARD
DEBIT,09/02/2024,ZIPLANE *RIDE HELP.ZIPLANE.COM,-16.10,DEBIT_CARD
CREDIT,09/03/2024,RIVERTON UNIV STUDENT AID ACH WEB ID: [REDACTED],4405.00,ACH_CREDIT
DEBIT,09/03/2024,SQ *NIMBUS COFFEE #0421 PORTLAND OR,-4.77,DEBIT_CARD
CREDIT,09/03/2024,Zelle payment from TOBIN REEVES JPM990523489,395.00,QUICKPAY_CREDIT
DEBIT,09/03/2024,Zelle payment to DEVON ASHFORD 21583511059,-17.97,QUICKPAY_DEBIT
DEBIT,09/04/2024,FERNWOOD MARKET 00812 PORTLAND OR,-47.31,DEBIT_CARD
DEBIT,09/04/2024,RIVERTON TRANSIT AUTH PORTLAND OR,-4.10,DEBIT_CARD
DEBIT,09/05/2024,SQ *HALLOW BOWL NOODLE PORTLAND OR,-12.34,DEBIT_CARD
DEBIT,09/06/2024,HALLOW BOWL NOODLE BAR 0198 PORTLAND ORAPPLE PAY ending in [XXXX],-14.04,DEBIT_CARD
DEBIT,09/06/2024,THISTLE AND THREAD 0067 PORTLAND OR,-35.13,DEBIT_CARD
DEBIT,09/07/2024,FERNWOOD MARKET 00812 PORTLAND OR,-35.09,DEBIT_CARD
DEBIT,09/09/2024,CASCADE HOME SUPPLY 118 PORTLAND OR,-153.49,ACH_DEBIT
DEBIT,09/09/2024,CASCADE POWER + WATER PPD ID: 771568,-76.06,ACH_DEBIT
DEBIT,09/10/2024,RIVERTON UNIV TUITION ACH WEB ID: [REDACTED],-3495.00,ACH_DEBIT
DEBIT,09/11/2024,CASCADE HOME SUPPLY 118 PORTLAND OR,-115.08,ACH_DEBIT
DEBIT,09/12/2024,FERNWOOD MARKET #812 PORTLAND OR,-42.01,DEBIT_CARD
DEBIT,09/12/2024,VANTA MOBILE WIRELESS PPD ID: 335894,-41.61,ACH_DEBIT
CREDIT,09/13/2024,RIVERTON UNIV PAYROLL PPD ID: 9405999APPLE PAY ending in [XXXX],480.44,ACH_CREDIT
DEBIT,09/14/2024,PIONEER FIBER INTERNET PPD ID: 8814772,-60.79,ACH_DEBIT
DEBIT,09/15/2024,Online Transfer to CHK ...4022 transaction#: 91824771,-167.47,ACCT_XFER
DEBIT,09/16/2024,HARBORLIGHT RENTERS INS PPD ID: 6620031,-14.15,ACH_DEBIT
DEBIT,09/18/2024,ZIPLANE *RIDE HELP.ZIPLANE.COM,-22.13,DEBIT_CARD
DEBIT,09/20/2024,Zelle payment to TOBIN REEVES 53632981211,-26.54,QUICKPAY_DEBIT
DEBIT,09/21/2024,RIVERTON TRANSIT PASS PORTLAND OR,-58.70,DEBIT_CARD
DEBIT,09/22/2024,DISCOVER E-PAYMENT ACH WEB ID: [REDACTED],-182.38,ACH_DEBIT
DEBIT,09/22/2024,Zelle payment to MARISOL QUAY 61174863012,-46.61,QUICKPAY_DEBIT
DEBIT,09/23/2024,FERNWOOD MARKET PORTLAND ORAPPLE PAY ending in [XXXX],-48.62,DEBIT_CARD
DEBIT,09/23/2024,HALLOW BOWL NOODLE BAR 0198 PORTLAND OR,-16.59,DEBIT_CARD
CREDIT,09/27/2024,RIVERTON UNIV PAYROLL PPD ID: 9790153,379.46,ACH_CREDIT
DEBIT,09/28/2024,SQ *NIMBUS COFFEE #0421 PORTLAND OR,-4.49,DEBIT_CARD
DEBIT,09/28/2024,THISTLE AND THREAD 0067 PORTLAND OR,-40.94,DEBIT_CARD
DEBIT,09/29/2024,SQ *HALLOW BOWL NOODLE PORTLAND OR,-21.01,DEBIT_CARD
DEBIT,09/29/2024,SQ *SPOKE + SPROCKET PORTLAND OR,-32.92,DEBIT_CARD
DEBIT,09/29/2024,TST*CALDER DINER - PEARL PORTLAND OR,-19.75,DEBIT_CARD
DEBIT,10/01/2024,BRIAR CREEK APTS RENT ACH WEB ID: [REDACTED],-1185.00,ACH_DEBIT
DEBIT,10/03/2024,SQ *NIMBUS COFFEE ROASTERS PORTLAND ORAPPLE PAY ending in [XXXX],-5.36,DEBIT_CARD
CREDIT,10/03/2024,Zelle payment from TOBIN REEVES JPM167237157,395.00,QUICKPAY_CREDIT
DEBIT,10/05/2024,FERNWOOD MARKET PORTLAND OR,-39.87,DEBIT_CARD
DEBIT,10/05/2024,SQ *HALLOW BOWL NOODLE PORTLAND OR,-18.25,DEBIT_CARD
DEBIT,10/06/2024,SQ *HALLOW BOWL NOODLE PORTLAND OR,-18.38,DEBIT_CARD
CREDIT,10/06/2024,Zelle payment from MARISOL QUAY JPM811022725,47.64,QUICKPAY_CREDIT
DEBIT,10/08/2024,SQ *HALLOW BOWL NOODLE PORTLAND OR,-12.64,DEBIT_CARD
DEBIT,10/09/2024,CASCADE POWER + WATER PPD ID: 776406,-97.02,ACH_DEBIT
DEBIT,10/10/2024,MERIDIAN PHARMACY #455 PORTLAND OR,-21.08,DEBIT_CARD
DEBIT,10/10/2024,RIVERTON TRANSIT PASS PORTLAND ORAPPLE PAY ending in [XXXX],-2.97,DEBIT_CARD
DEBIT,10/10/2024,SQ *NIMBUS COFFEE #0421 PORTLAND OR,-6.94,DEBIT_CARD
CREDIT,10/10/2024,Zelle payment from MARISOL QUAY JPM673260014,63.93,QUICKPAY_CREDIT
DEBIT,10/10/2024,Zelle payment to DEVON ASHFORD 15417562553,-37.29,QUICKPAY_DEBIT
CREDIT,10/11/2024,RIVERTON UNIV PAYROLL PPD ID: 9558772,422.38,ACH_CREDIT
DEBIT,10/12/2024,VANTA MOBILE WIRELESS PPD ID: 333138,-39.34,ACH_DEBIT
DEBIT,10/13/2024,FERNWOOD MARKET 00812 PORTLAND OR,-58.87,DEBIT_CARD
DEBIT,10/13/2024,SQ *HALLOW BOWL NOODLE PORTLAND OR,-14.49,DEBIT_CARD
DEBIT,10/14/2024,PIONEER FIBER INTERNET PPD ID: 8814772,-62.94,ACH_DEBIT
DEBIT,10/14/2024,RIVERTON TRANSIT PASS PORTLAND ORAPPLE PAY ending in [XXXX],-2.12,DEBIT_CARD
DEBIT,10/15/2024,FERNWOOD MARKET #812 PORTLAND OR,-34.50,DEBIT_CARD
DEBIT,10/15/2024,ZIPLANE RIDES HELP.ZIPLANE.COM,-7.12,DEBIT_CARD
DEBIT,10/16/2024,HARBORLIGHT RENTERS INS PPD ID: 6620031,-14.06,ACH_DEBIT
DEBIT,10/18/2024,Online Transfer to CHK ...4022 transaction#: 91824771,-104.89,ACCT_XFER
DEBIT,10/18/2024,ZIPLANE *RIDE HELP.ZIPLANE.COM,-16.83,DEBIT_CARD
DEBIT,10/20/2024,NIMBUS COFFEE 00421 PORTLAND OR,-5.22,DEBIT_CARD
DEBIT,10/20/2024,SQ *HALLOW BOWL NOODLE PORTLAND OR,-12.72,DEBIT_CARD
DEBIT,10/21/2024,RIVERTON TRANSIT PASS PORTLAND OR,-57.27,DEBIT_CARD
DEBIT,10/21/2024,Zelle payment to TOBIN REEVES 83455217675APPLE PAY ending in [XXXX],-38.52,QUICKPAY_DEBIT
DEBIT,10/22/2024,DISCOVER E-PAYMENT ACH WEB ID: [REDACTED],-241.16,ACH_DEBIT
DEBIT,10/23/2024,COASTLINE COACH LINES PORTLAND OR,-29.44,DEBIT_CARD
DEBIT,10/23/2024,FERNWOOD MARKET PORTLAND OR,-46.36,DEBIT_CARD
DEBIT,10/23/2024,HALLOW BOWL NOODLE BAR 0198 PORTLAND OR,-18.28,DEBIT_CARD
DEBIT,10/23/2024,TST*CALDER DINER - PEARL PORTLAND OR,-23.44,DEBIT_CARD
CREDIT,10/25/2024,RIVERTON UNIV PAYROLL PPD ID: 9459752,406.46,ACH_CREDIT
DEBIT,10/28/2024,ZIPLANE *RIDE HELP.ZIPLANE.COM,-17.32,DEBIT_CARD
DEBIT,10/31/2024,RIVERTON TRANSIT AUTH PORTLAND OR,-3.78,DEBIT_CARD
DEBIT,10/31/2024,SQ *NIMBUS COFFEE ROASTERS PORTLAND ORAPPLE PAY ending in [XXXX],-6.40,DEBIT_CARD
DEBIT,11/01/2024,BRIAR CREEK APTS RENT ACH WEB ID: [REDACTED],-1185.00,ACH_DEBIT
DEBIT,11/02/2024,FERNWOOD MARKET 00812 PORTLAND OR,-39.05,DEBIT_CARD
DEBIT,11/02/2024,SQ *HALLOW BOWL NOODLE PORTLAND OR,-16.56,DEBIT_CARD
CREDIT,11/03/2024,Zelle payment from TOBIN REEVES JPM687549928,395.00,QUICKPAY_CREDIT
DEBIT,11/05/2024,TST*CALDER DINER - PEARL PORTLAND OR,-21.25,DEBIT_CARD
DEBIT,11/06/2024,SPOKE AND SPROCKET CYCLES PORTLAND OR,-33.32,DEBIT_CARD
DEBIT,11/06/2024,SQ *NIMBUS COFFEE #0421 PORTLAND OR,-4.41,DEBIT_CARD
CREDIT,11/08/2024,RIVERTON UNIV PAYROLL PPD ID: 9613325,391.35,ACH_CREDIT
DEBIT,11/09/2024,CASCADE POWER + WATER PPD ID: 774690APPLE PAY ending in [XXXX],-80.49,ACH_DEBIT
DEBIT,11/10/2024,HALLOW BOWL NOODLE BAR 0198 PORTLAND OR,-15.45,DEBIT_CARD
DEBIT,11/12/2024,HALLOW BOWL NOODLE BAR 0198 PORTLAND OR,-16.23,DEBIT_CARD
DEBIT,11/12/2024,VANTA MOBILE WIRELESS PPD ID: 331493,-44.01,ACH_DEBIT
DEBIT,11/12/2024,ZIPLANE *RIDE HELP.ZIPLANE.COM,-8.19,DEBIT_CARD
DEBIT,11/14/2024,PIONEER FIBER INTERNET PPD ID: 8814772,-62.73,ACH_DEBIT
DEBIT,11/16/2024,HARBORLIGHT RENTERS INS PPD ID: 6620031,-13.58,ACH_DEBIT
DEBIT,11/17/2024,Zelle payment to MARISOL QUAY 58925764482,-35.25,QUICKPAY_DEBIT
DEBIT,11/18/2024,Online Transfer to CHK ...4022 transaction#: 91824771,-203.60,ACCT_XFER
DEBIT,11/19/2024,FERNWOOD MARKET 00812 PORTLAND ORAPPLE PAY ending in [XXXX],-53.06,DEBIT_CARD
DEBIT,11/19/2024,THISTLE AND THREAD 0067 PORTLAND OR,-46.20,DEBIT_CARD
DEBIT,11/19/2024,TST* CALDER DINER PORTLAND OR,-26.00,DEBIT_CARD
DEBIT,11/21/2024,RIVERTON TRANSIT PASS PORTLAND OR,-59.91,DEBIT_CARD
DEBIT,11/22/2024,DISCOVER E-PAYMENT ACH WEB ID: [REDACTED],-209.28,ACH_DEBIT
CREDIT,11/22/2024,RIVERTON UNIV PAYROLL PPD ID: 9387857,387.80,ACH_CREDIT
DEBIT,11/23/2024,HALLOW BOWL NOODLE BAR 0198 PORTLAND OR,-18.26,DEBIT_CARD
DEBIT,11/23/2024,SQ *NIMBUS COFFEE #0421 PORTLAND OR,-5.59,DEBIT_CARD
CREDIT,11/23/2024,Zelle payment from MARISOL QUAY JPM674422462,30.29,QUICKPAY_CREDIT
DEBIT,11/24/2024,FERNWOOD MARKET #812 PORTLAND ORAPPLE PAY ending in [XXXX],-43.79,DEBIT_CARD
DEBIT,11/26/2024,FERNWOOD MARKET PORTLAND OR,-51.61,DEBIT_CARD
DEBIT,11/26/2024,SQ *NIMBUS COFFEE #0421 PORTLAND OR,-4.44,DEBIT_CARD
DEBIT,12/01/2024,BRIAR CREEK APTS RENT ACH WEB ID: [REDACTED],-1185.00,ACH_DEBIT
DEBIT,12/03/2024,FERNWOOD MARKET PORTLAND OR,-57.85,DEBIT_CARD
CREDIT,12/03/2024,Zelle payment from TOBIN REEVES JPM991325598,395.00,QUICKPAY_CREDIT
DEBIT,12/05/2024,SQ *HALLOW BOWL NOODLE PORTLAND OR,-14.87,DEBIT_CARD
DEBIT,12/05/2024,SQ *NIMBUS COFFEE #0421 PORTLAND OR,-5.72,DEBIT_CARD
DEBIT,12/05/2024,SQ *THISTLE + THREAD PORTLAND OR,-34.12,DEBIT_CARD
DEBIT,12/05/2024,TST*CALDER DINER - PEARL PORTLAND ORAPPLE PAY ending in [XXXX],-27.14,DEBIT_CARD
CREDIT,12/06/2024,RIVERTON UNIV PAYROLL PPD ID: 9318852,420.11,ACH_CREDIT
DEBIT,12/07/2024,CASCADE HOME SUPPLY 118 PORTLAND OR,-150.02,ACH_DEBIT
DEBIT,12/07/2024,FERNWOOD MARKET 00812 PORTLAND OR,-39.97,DEBIT_CARD
DEBIT,12/09/2024,CASCADE POWER + WATER PPD ID: 773630,-61.37,ACH_DEBIT
DEBIT,12/09/2024,FERNWOOD MARKET PORTLAND OR,-39.43,DEBIT_CARD
DEBIT,12/09/2024,NIMBUS COFFEE 00421 PORTLAND OR,-4.62,DEBIT_CARD
DEBIT,12/10/2024,FERNWOOD MARKET 00812 PORTLAND OR,-51.46,DEBIT_CARD
DEBIT,12/10/2024,SQ *NIMBUS COFFEE ROASTERS PORTLAND OR,-7.02,DEBIT_CARD
DEBIT,12/12/2024,VANTA MOBILE WIRELESS PPD ID: 332573APPLE PAY ending in [XXXX],-40.69,ACH_DEBIT
DEBIT,12/14/2024,PIONEER FIBER INTERNET PPD ID: 8814772,-59.99,ACH_DEBIT
DEBIT,12/16/2024,HARBORLIGHT RENTERS INS PPD ID: 6620031,-13.65,ACH_DEBIT
DEBIT,12/17/2024,FERNWOOD MARKET 00812 PORTLAND OR,-41.14,DEBIT_CARD
DEBIT,12/17/2024,HALLOW BOWL NOODLE BAR 0198 PORTLAND OR,-21.27,DEBIT_CARD
DEBIT,12/17/2024,Zelle payment to TOBIN REEVES 70084157937,-16.29,QUICKPAY_DEBIT
CREDIT,12/20/2024,RIVERTON UNIV PAYROLL PPD ID: 9220739,491.84,ACH_CREDIT
DEBIT,12/21/2024,RIVERTON TRANSIT PASS PORTLAND OR,-57.86,DEBIT_CARD
DEBIT,12/22/2024,DISCOVER E-PAYMENT ACH WEB ID: [REDACTED],-201.84,ACH_DEBIT
DEBIT,12/23/2024,FERNWOOD MARKET PORTLAND ORAPPLE PAY ending in [XXXX],-36.92,DEBIT_CARD
DEBIT,12/26/2024,HALLOW BOWL NOODLE BAR 0198 PORTLAND OR,-13.25,DEBIT_CARD
DEBIT,12/31/2024,FERNWOOD MARKET #812 PORTLAND OR,-38.39,DEBIT_CARD
DEBIT,01/01/2025,BRIAR CREEK APTS RENT ACH WEB ID: [REDACTED],-1185.00,ACH_DEBIT
CREDIT,01/03/2025,RIVERTON UNIV PAYROLL PPD ID: 9551376,432.68,ACH_CREDIT
CREDIT,01/03/2025,Zelle payment from TOBIN REEVES JPM291053948,395.00,QUICKPAY_CREDIT
DEBIT,01/08/2025,FERNWOOD MARKET 00812 PORTLAND OR,-56.37,DEBIT_CARD
DEBIT,01/08/2025,HALLOW BOWL NOODLE BAR 0198 PORTLAND OR,-14.93,DEBIT_CARD
DEBIT,01/08/2025,ORPHEUM SIX CINEMA PORTLAND OR,-15.74,DEBIT_CARD
DEBIT,01/08/2025,RIVERTON TRANSIT AUTH PORTLAND ORAPPLE PAY ending in [XXXX],-2.29,DEBIT_CARD
DEBIT,01/09/2025,CASCADE POWER + WATER PPD ID: 773541,-89.05,ACH_DEBIT
CREDIT,01/11/2025,Zelle payment from DEVON ASHFORD JPM493357441,57.19,QUICKPAY_CREDIT
DEBIT,01/12/2025,VANTA MOBILE WIRELESS PPD ID: 331870,-43.51,ACH_DEBIT
DEBIT,01/13/2025,FERNWOOD MARKET PORTLAND OR,-49.28,DEBIT_CARD
DEBIT,01/13/2025,NIMBUS COFFEE 00421 PORTLAND OR,-6.14,DEBIT_CARD
DEBIT,01/13/2025,RIVERTON TRANSIT PASS PORTLAND OR,-4.28,DEBIT_CARD
DEBIT,01/14/2025,Online Transfer to CHK ...4022 transaction#: 91824771,-93.77,ACCT_XFER
DEBIT,01/14/2025,PIONEER FIBER INTERNET PPD ID: 8814772,-60.05,ACH_DEBIT
CREDIT,01/14/2025,RIVERTON UNIV STUDENT AID ACH WEB ID: [REDACTED]APPLE PAY ending in [XXXX],4405.00,ACH_CREDIT
DEBIT,01/15/2025,CASCADE HOME SUPPLY 118 PORTLAND OR,-181.96,ACH_DEBIT
DEBIT,01/16/2025,HARBORLIGHT RENTERS INS PPD ID: 6620031,-14.05,ACH_DEBIT
CREDIT,01/17/2025,RIVERTON UNIV PAYROLL PPD ID: 9259992,410.04,ACH_CREDIT
DEBIT,01/17/2025,Zelle payment to TOBIN REEVES 21182906900,-50.30,QUICKPAY_DEBIT
DEBIT,01/21/2025,RIVERTON TRANSIT PASS PORTLAND OR,-56.72,DEBIT_CARD
DEBIT,01/21/2025,RIVERTON UNIV TUITION ACH WEB ID: [REDACTED],-3495.00,ACH_DEBIT
DEBIT,01/22/2025,DISCOVER E-PAYMENT ACH WEB ID: [REDACTED],-184.45,ACH_DEBIT
CREDIT,01/22/2025,Zelle payment from DEVON ASHFORD JPM939491107,62.16,QUICKPAY_CREDIT
DEBIT,01/25/2025,CASCADE HOME SUPPLY 118 PORTLAND ORAPPLE PAY ending in [XXXX],-452.90,ACH_DEBIT
DEBIT,01/28/2025,COASTLINE COACH LINES PORTLAND OR,-52.84,DEBIT_CARD
DEBIT,01/28/2025,FERNWOOD MARKET PORTLAND OR,-54.89,DEBIT_CARD
DEBIT,01/28/2025,TST* CALDER DINER PORTLAND OR,-23.14,DEBIT_CARD
DEBIT,01/28/2025,ZIPLANE RIDES HELP.ZIPLANE.COM,-12.79,DEBIT_CARD
DEBIT,01/29/2025,ZIPLANE *RIDE HELP.ZIPLANE.COM,-17.35,DEBIT_CARD
DEBIT,01/31/2025,HALLOW BOWL NOODLE BAR 0198 PORTLAND OR,-14.48,DEBIT_CARD
CREDIT,01/31/2025,RIVERTON UNIV PAYROLL PPD ID: 9238807,384.29,ACH_CREDIT
DEBIT,02/01/2025,BRIAR CREEK APTS RENT ACH WEB ID: [REDACTED],-1185.00,ACH_DEBIT
CREDIT,02/03/2025,Zelle payment from TOBIN REEVES JPM709620198APPLE PAY ending in [XXXX],395.00,QUICKPAY_CREDIT
DEBIT,02/08/2025,CASCADE HOME SUPPLY 118 PORTLAND OR,-288.87,ACH_DEBIT
DEBIT,02/09/2025,CASCADE HOME SUPPLY 118 PORTLAND OR,-36.24,ACH_DEBIT
DEBIT,02/09/2025,CASCADE POWER + WATER PPD ID: 773086,-73.83,ACH_DEBIT
DEBIT,02/09/2025,HALLOW BOWL NOODLE BAR 0198 PORTLAND OR,-13.82,DEBIT_CARD
DEBIT,02/09/2025,SQ *NIMBUS COFFEE #0421 PORTLAND OR,-5.64,DEBIT_CARD
DEBIT,02/11/2025,SQ *NIMBUS COFFEE #0421 PORTLAND OR,-6.55,DEBIT_CARD
DEBIT,02/12/2025,VANTA MOBILE WIRELESS PPD ID: 332658,-39.53,ACH_DEBIT
DEBIT,02/14/2025,FERNWOOD MARKET #812 PORTLAND OR,-42.91,DEBIT_CARD
DEBIT,02/14/2025,Online Transfer to CHK ...4022 transaction#: 91824771APPLE PAY ending in [XXXX],-282.62,ACCT_XFER
DEBIT,02/14/2025,PIONEER FIBER INTERNET PPD ID: 8814772,-59.98,ACH_DEBIT
CREDIT,02/14/2025,RIVERTON UNIV PAYROLL PPD ID: 9787154,405.85,ACH_CREDIT
DEBIT,02/15/2025,FERNWOOD MARKET 00812 PORTLAND OR,-56.63,DEBIT_CARD
DEBIT,02/15/2025,SQ *NIMBUS COFFEE #0421 PORTLAND OR,-5.94,DEBIT_CARD
DEBIT,02/16/2025,FERNWOOD MARKET PORTLAND OR,-35.17,DEBIT_CARD
DEBIT,02/16/2025,HARBORLIGHT RENTERS INS PPD ID: 6620031,-12.84,ACH_DEBIT
DEBIT,02/16/2025,NIMBUS COFFEE 00421 PORTLAND OR,-7.37,DEBIT_CARD
DEBIT,02/19/2025,FERNWOOD MARKET PORTLAND OR,-47.23,DEBIT_CARD
DEBIT,02/19/2025,HALLOW BOWL NOODLE BAR 0198 PORTLAND ORAPPLE PAY ending in [XXXX],-21.45,DEBIT_CARD
DEBIT,02/20/2025,SQ *NIMBUS COFFEE #0421 PORTLAND OR,-5.43,DEBIT_CARD
DEBIT,02/20/2025,Zelle payment to TOBIN REEVES 46668865285,-28.30,QUICKPAY_DEBIT
DEBIT,02/21/2025,FERNWOOD MARKET 00812 PORTLAND OR,-48.59,DEBIT_CARD
DEBIT,02/21/2025,RIVERTON TRANSIT PASS PORTLAND OR,-57.62,DEBIT_CARD
DEBIT,02/22/2025,DISCOVER E-PAYMENT ACH WEB ID: [REDACTED],-200.61,ACH_DEBIT
DEBIT,02/22/2025,FERNWOOD MARKET #812 PORTLAND OR,-47.20,DEBIT_CARD
DEBIT,02/22/2025,ORPHEUM SIX CINEMA PORTLAND OR,-17.38,DEBIT_CARD
CREDIT,02/22/2025,PENNYLOOM PAYOUTS ST-0155DC2F CCD ID: 2255428,127.86,ACH_CREDIT
DEBIT,02/22/2025,SQ *HALLOW BOWL NOODLE PORTLAND ORAPPLE PAY ending in [XXXX],-20.71,DEBIT_CARD
DEBIT,02/22/2025,SQ *KESTREL GAMES PORTLAND OR,-28.93,DEBIT_CARD
DEBIT,02/23/2025,FERNWOOD MARKET #812 PORTLAND OR,-44.89,DEBIT_CARD
DEBIT,02/23/2025,TST* CALDER DINER PORTLAND OR,-28.64,DEBIT_CARD
DEBIT,02/23/2025,Zelle payment to DEVON ASHFORD 12927896605,-20.35,QUICKPAY_DEBIT
DEBIT,02/24/2025,FERNWOOD MARKET 00812 PORTLAND OR,-51.71,DEBIT_CARD
DEBIT,02/24/2025,Zelle payment to TOBIN REEVES 81790033798,-23.16,QUICKPAY_DEBIT
DEBIT,02/25/2025,RIVERTON TRANSIT AUTH PORTLAND OR,-4.30,DEBIT_CARD
DEBIT,02/25/2025,SQ *NIMBUS COFFEE ROASTERS PORTLAND OR,-6.38,DEBIT_CARD
DEBIT,02/26/2025,FERNWOOD MARKET PORTLAND ORAPPLE PAY ending in [XXXX],-41.38,DEBIT_CARD
DEBIT,02/26/2025,NIMBUS COFFEE 00421 PORTLAND OR,-4.90,DEBIT_CARD
DEBIT,02/26/2025,RIVERTON TRANSIT AUTH PORTLAND OR,-2.12,DEBIT_CARD
CREDIT,02/28/2025,RIVERTON UNIV PAYROLL PPD ID: 9569817,418.05,ACH_CREDIT
DEBIT,03/01/2025,BRIAR CREEK APTS RENT ACH WEB ID: [REDACTED],-1185.00,ACH_DEBIT
DEBIT,03/01/2025,FERNWOOD MARKET PORTLAND OR,-37.26,DEBIT_CARD
DEBIT,03/04/2025,FERNWOOD MARKET 00812 PORTLAND OR,-35.19,DEBIT_CARD
DEBIT,03/04/2025,MERIDIAN DENTAL SURGERY ACH WEB ID: [REDACTED],-2940.00,ACH_DEBIT
DEBIT,03/04/2025,TST* CALDER DINER PORTLAND OR,-24.07,DEBIT_CARD
DEBIT,03/05/2025,FERNWOOD MARKET #812 PORTLAND ORAPPLE PAY ending in [XXXX],-32.75,DEBIT_CARD
DEBIT,03/05/2025,SQ *HALLOW BOWL NOODLE PORTLAND OR,-14.45,DEBIT_CARD
DEBIT,03/06/2025,FERNWOOD MARKET #812 PORTLAND OR,-49.21,DEBIT_CARD
